ref_name	cell_name	pin_name	x	y	bucket50	line_no	point_index
SDFFARX1_RVT	u_core/core_i/id_stage_i/register_file_i/mem_reg[31][10]	CLK	40.368	66.968	000-050,050-100	1	1
SDFFARX1_RVT	u_core/core_i/id_stage_i/register_file_i/mem_reg[31][10]	CLK	40.368	66.978	000-050,050-100	1	2
SDFFARX1_RVT	u_core/core_i/id_stage_i/register_file_i/mem_reg[30][28]	RSTB	179.6	172.0	150-200,150-200	2	1
SDFFARX1_RVT	u_core/core_i/id_stage_i/register_file_i/mem_reg[30][28]	RSTB	179.6	172.0045	150-200,150-200	2	2
SDFFARX1_RVT	u_core/core_i/id_stage_i/register_file_i/mem_reg[30][28]	RSTB	179.6	172.0022	150-200,150-200	2	3
SDFFARX1_RVT	u_core/core_i/id_stage_i/register_file_i/mem_reg[29][5]	CLK	59.672	103.428	050-100,100-150	3	1
SDFFARX1_RVT	u_core/core_i/id_stage_i/register_file_i/mem_reg[29][5]	CLK	59.672	103.448	050-100,100-150	3	2
SDFFARX1_RVT	u_core/core_i/id_stage_i/register_file_i/mem_reg[29][5]	CLK	59.672	103.438	050-100,100-150	3	3
SDFFARX1_RVT	u_core/core_i/id_stage_i/register_file_i/mem_reg[28][9]	SE	80.344	112.568	050-100,100-150	4	1
SDFFARX1_RVT	u_core/core_i/id_stage_i/register_file_i/mem_reg[28][9]	SE	80.344	112.6015	050-100,100-150	4	2
SDFFARX1_RVT	u_core/core_i/id_stage_i/register_file_i/mem_reg[28][9]	SE	80.344	112.5847	050-100,100-150	4	3
SDFFARX1_RVT	u_core/core_i/id_stage_i/register_file_i/mem_reg[28][22]	Q	119.712	156.496	100-150,150-200	5	1
SDFFARX1_RVT	u_core/core_i/id_stage_i/register_file_i/mem_reg[27][30]	Q	80.344	137.648	050-100,100-150	6	1
SDFFARX1_RVT	u_core/core_i/id_stage_i/register_file_i/mem_reg[26][10]	QN	199.664	63.016	150-200,050-100	7	1
SDFFARX1_RVT	u_core/core_i/id_stage_i/register_file_i/mem_reg[25][23]	Q	220.336	23.952	200-250,000-050	8	1
SDFFARX1_RVT	u_core/core_i/id_stage_i/register_file_i/mem_reg[22][3]	SE	160.296	44.4385	150-200,000-050	9	1
SDFFARX1_RVT	u_core/core_i/id_stage_i/register_file_i/mem_reg[22][3]	SE	160.296	44.472	150-200,000-050	9	2
SDFFARX1_RVT	u_core/core_i/id_stage_i/register_file_i/mem_reg[22][3]	SE	160.296	44.4552	150-200,000-050	9	3
SDFFARX1_RVT	u_core/core_i/id_stage_i/register_file_i/mem_reg[22][15]	RSTB	199.664	44.928	150-200,000-050	10	1
SDFFARX1_RVT	u_core/core_i/id_stage_i/register_file_i/mem_reg[22][15]	RSTB	199.664	44.9325	150-200,000-050	10	2
SDFFARX1_RVT	u_core/core_i/id_stage_i/register_file_i/mem_reg[22][15]	RSTB	199.664	44.9302	150-200,000-050	10	3
SDFFARX1_RVT	u_core/core_i/id_stage_i/register_file_i/mem_reg[21][17]	CLK	200.424	40.216	200-250,000-050	11	1
SDFFARX1_RVT	u_core/core_i/id_stage_i/register_file_i/mem_reg[21][17]	CLK	200.424	40.226	200-250,000-050	11	2
SDFFARX1_RVT	u_core/core_i/id_stage_i/register_file_i/mem_reg[21][30]	QN	199.664	39.608	150-200,000-050	12	1
SDFFARX1_RVT	u_core/core_i/id_stage_i/register_file_i/mem_reg[20][5]	SE	159.688	64.5025	150-200,050-100	13	1
SDFFARX1_RVT	u_core/core_i/id_stage_i/register_file_i/mem_reg[20][5]	SE	159.688	64.536	150-200,050-100	13	2
SDFFARX1_RVT	u_core/core_i/id_stage_i/register_file_i/mem_reg[20][5]	SE	159.688	64.5192	150-200,050-100	13	3
SDFFARX1_RVT	u_core/core_i/id_stage_i/register_file_i/mem_reg[20][25]	RSTB	180.36	64.992	150-200,050-100	14	1
SDFFARX1_RVT	u_core/core_i/id_stage_i/register_file_i/mem_reg[20][25]	RSTB	180.36	64.9965	150-200,050-100	14	2
SDFFARX1_RVT	u_core/core_i/id_stage_i/register_file_i/mem_reg[20][25]	RSTB	180.36	64.9942	150-200,050-100	14	3
SDFFARX1_RVT	u_core/core_i/id_stage_i/register_file_i/mem_reg[20][26]	SE	160.296	57.8145	150-200,050-100	15	1
SDFFARX1_RVT	u_core/core_i/id_stage_i/register_file_i/mem_reg[20][26]	SE	160.296	57.848	150-200,050-100	15	2
SDFFARX1_RVT	u_core/core_i/id_stage_i/register_file_i/mem_reg[20][26]	SE	160.296	57.8312	150-200,050-100	15	3
SDFFARX1_RVT	u_core/core_i/id_stage_i/register_file_i/mem_reg[20][31]	SE	159.688	54.4705	150-200,050-100	16	1
SDFFARX1_RVT	u_core/core_i/id_stage_i/register_file_i/mem_reg[20][31]	SE	159.688	54.504	150-200,050-100	16	2
SDFFARX1_RVT	u_core/core_i/id_stage_i/register_file_i/mem_reg[20][31]	SE	159.688	54.4872	150-200,050-100	16	3
SDFFARX1_RVT	u_core/core_i/id_stage_i/register_file_i/mem_reg[19][1]	RSTB	199.664	34.896	150-200,000-050	17	1
SDFFARX1_RVT	u_core/core_i/id_stage_i/register_file_i/mem_reg[19][1]	RSTB	199.664	34.9005	150-200,000-050	17	2
SDFFARX1_RVT	u_core/core_i/id_stage_i/register_file_i/mem_reg[19][1]	RSTB	199.664	34.8982	150-200,000-050	17	3
SDFFARX1_RVT	u_core/core_i/id_stage_i/register_file_i/mem_reg[19][14]	Q	199.664	29.424	150-200,000-050	18	1
SDFFARX1_RVT	u_core/core_i/id_stage_i/register_file_i/mem_reg[18][10]	QN	119.712	26.232	100-150,000-050	19	1
SDFFARX1_RVT	u_core/core_i/id_stage_i/register_file_i/mem_reg[18][13]	RSTB	140.384	28.208	100-150,000-050	20	1
SDFFARX1_RVT	u_core/core_i/id_stage_i/register_file_i/mem_reg[18][13]	RSTB	140.384	28.2125	100-150,000-050	20	2
SDFFARX1_RVT	u_core/core_i/id_stage_i/register_file_i/mem_reg[18][13]	RSTB	140.384	28.2102	100-150,000-050	20	3
SDFFARX1_RVT	u_core/core_i/id_stage_i/register_file_i/mem_reg[18][18]	RSTB	159.688	31.552	150-200,000-050	21	1
SDFFARX1_RVT	u_core/core_i/id_stage_i/register_file_i/mem_reg[18][18]	RSTB	159.688	31.5565	150-200,000-050	21	2
SDFFARX1_RVT	u_core/core_i/id_stage_i/register_file_i/mem_reg[18][18]	RSTB	159.688	31.5542	150-200,000-050	21	3
SDFFARX1_RVT	u_core/core_i/id_stage_i/register_file_i/mem_reg[17][4]	RSTB	159.688	75.024	150-200,050-100	22	1
SDFFARX1_RVT	u_core/core_i/id_stage_i/register_file_i/mem_reg[17][4]	RSTB	159.688	75.0285	150-200,050-100	22	2
SDFFARX1_RVT	u_core/core_i/id_stage_i/register_file_i/mem_reg[17][4]	RSTB	159.688	75.0262	150-200,050-100	22	3
SDFFARX1_RVT	u_core/core_i/id_stage_i/register_file_i/mem_reg[16][18]	RSTB	119.712	51.9155	100-150,050-100	23	1
SDFFARX1_RVT	u_core/core_i/id_stage_i/register_file_i/mem_reg[16][18]	RSTB	119.712	51.92	100-150,050-100	23	2
SDFFARX1_RVT	u_core/core_i/id_stage_i/register_file_i/mem_reg[16][18]	RSTB	119.712	51.9177	100-150,050-100	23	3
SDFFARX1_RVT	u_core/core_i/id_stage_i/register_file_i/mem_reg[16][25]	CLK	119.712	53.592	100-150,050-100	24	1
SDFFARX1_RVT	u_core/core_i/id_stage_i/register_file_i/mem_reg[16][25]	CLK	119.712	53.612	100-150,050-100	24	2
SDFFARX1_RVT	u_core/core_i/id_stage_i/register_file_i/mem_reg[16][25]	CLK	119.712	53.602	100-150,050-100	24	3
SDFFARX1_RVT	u_core/core_i/id_stage_i/register_file_i/mem_reg[15][7]	CLK	220.336	80.02	200-250,050-100	25	1
SDFFARX1_RVT	u_core/core_i/id_stage_i/register_file_i/mem_reg[15][7]	CLK	220.336	80.04	200-250,050-100	25	2
SDFFARX1_RVT	u_core/core_i/id_stage_i/register_file_i/mem_reg[15][7]	CLK	220.336	80.03	200-250,050-100	25	3
SDFFARX1_RVT	u_core/core_i/id_stage_i/register_file_i/mem_reg[15][31]	RSTB	199.664	71.9795	150-200,050-100	26	1
SDFFARX1_RVT	u_core/core_i/id_stage_i/register_file_i/mem_reg[15][31]	RSTB	199.664	71.984	150-200,050-100	26	2
SDFFARX1_RVT	u_core/core_i/id_stage_i/register_file_i/mem_reg[15][31]	RSTB	199.664	71.9817	150-200,050-100	26	3
SDFFARX1_RVT	u_core/core_i/id_stage_i/register_file_i/mem_reg[14][3]	Q	80.344	119.712	050-100,100-150	27	1
SDFFARX1_RVT	u_core/core_i/id_stage_i/register_file_i/mem_reg[14][27]	RSTB	59.672	138.56	050-100,100-150	28	1
SDFFARX1_RVT	u_core/core_i/id_stage_i/register_file_i/mem_reg[14][27]	RSTB	59.672	138.5645	050-100,100-150	28	2
SDFFARX1_RVT	u_core/core_i/id_stage_i/register_file_i/mem_reg[14][27]	RSTB	59.672	138.5622	050-100,100-150	28	3
SDFFARX1_RVT	u_core/core_i/id_stage_i/register_file_i/mem_reg[13][21]	SE	220.336	144.7585	200-250,100-150	29	1
SDFFARX1_RVT	u_core/core_i/id_stage_i/register_file_i/mem_reg[13][21]	SE	220.336	144.792	200-250,100-150	29	2
SDFFARX1_RVT	u_core/core_i/id_stage_i/register_file_i/mem_reg[13][21]	SE	220.336	144.7752	200-250,100-150	29	3
SDFFARX1_RVT	u_core/core_i/id_stage_i/register_file_i/mem_reg[12][1]	SE	80.344	25.624	050-100,000-050	30	1
SDFFARX1_RVT	u_core/core_i/id_stage_i/register_file_i/mem_reg[12][1]	SE	80.344	25.6575	050-100,000-050	30	2
SDFFARX1_RVT	u_core/core_i/id_stage_i/register_file_i/mem_reg[12][1]	SE	80.344	25.6407	050-100,000-050	30	3
SDFFARX1_RVT	u_core/core_i/id_stage_i/register_file_i/mem_reg[11][9]	SE	160.296	21.0305	150-200,000-050	31	1
SDFFARX1_RVT	u_core/core_i/id_stage_i/register_file_i/mem_reg[11][9]	SE	160.296	21.064	150-200,000-050	31	2
SDFFARX1_RVT	u_core/core_i/id_stage_i/register_file_i/mem_reg[11][9]	SE	160.296	21.0472	150-200,000-050	31	3
SDFFARX1_RVT	u_core/core_i/id_stage_i/register_file_i/mem_reg[11][17]	Q	59.672	36.112	050-100,000-050	32	1
SDFFARX1_RVT	u_core/core_i/id_stage_i/register_file_i/mem_reg[11][19]	Q	59.672	39.456	050-100,000-050	33	1
SDFFARX1_RVT	u_core/core_i/id_stage_i/register_file_i/mem_reg[11][23]	SI	119.712	40.368	100-150,000-050	34	1
SDFFARX1_RVT	u_core/core_i/id_stage_i/register_file_i/mem_reg[11][23]	SI	119.712	40.4055	100-150,000-050	34	2
SDFFARX1_RVT	u_core/core_i/id_stage_i/register_file_i/mem_reg[11][23]	SI	119.712	40.3867	100-150,000-050	34	3
SDFFARX1_RVT	u_core/core_i/id_stage_i/register_file_i/mem_reg[11][23]	CLK	120.32	40.216	100-150,000-050	35	1
SDFFARX1_RVT	u_core/core_i/id_stage_i/register_file_i/mem_reg[11][23]	CLK	120.32	40.236	100-150,000-050	35	2
SDFFARX1_RVT	u_core/core_i/id_stage_i/register_file_i/mem_reg[11][23]	CLK	120.32	40.226	100-150,000-050	35	3
SDFFARX1_RVT	u_core/core_i/id_stage_i/register_file_i/mem_reg[9][11]	Q	159.688	72.896	150-200,050-100	36	1
SDFFARX1_RVT	u_core/core_i/id_stage_i/register_file_i/mem_reg[9][17]	Q	220.336	67.424	200-250,050-100	37	1
SDFFARX1_RVT	u_core/core_i/id_stage_i/register_file_i/mem_reg[9][18]	RSTB	219.576	68.6355	200-250,050-100	38	1
SDFFARX1_RVT	u_core/core_i/id_stage_i/register_file_i/mem_reg[9][18]	RSTB	219.576	68.64	200-250,050-100	38	2
SDFFARX1_RVT	u_core/core_i/id_stage_i/register_file_i/mem_reg[9][18]	RSTB	219.576	68.6377	200-250,050-100	38	3
SDFFARX1_RVT	u_core/core_i/id_stage_i/register_file_i/mem_reg[9][28]	SE	80.344	65.752	050-100,050-100	39	1
SDFFARX1_RVT	u_core/core_i/id_stage_i/register_file_i/mem_reg[9][28]	SE	80.344	65.7855	050-100,050-100	39	2
SDFFARX1_RVT	u_core/core_i/id_stage_i/register_file_i/mem_reg[9][28]	SE	80.344	65.7687	050-100,050-100	39	3
SDFFARX1_RVT	u_core/core_i/id_stage_i/register_file_i/mem_reg[7][8]	SE	159.688	162.728	150-200,150-200	40	1
SDFFARX1_RVT	u_core/core_i/id_stage_i/register_file_i/mem_reg[7][8]	SE	159.688	162.7615	150-200,150-200	40	2
SDFFARX1_RVT	u_core/core_i/id_stage_i/register_file_i/mem_reg[7][8]	SE	159.688	162.7447	150-200,150-200	40	3
SDFFARX1_RVT	u_core/core_i/id_stage_i/register_file_i/mem_reg[7][15]	CLK	159.688	166.964	150-200,150-200	41	1
SDFFARX1_RVT	u_core/core_i/id_stage_i/register_file_i/mem_reg[7][15]	CLK	159.688	166.984	150-200,150-200	41	2
SDFFARX1_RVT	u_core/core_i/id_stage_i/register_file_i/mem_reg[7][15]	CLK	159.688	166.974	150-200,150-200	41	3
SDFFARX1_RVT	u_core/core_i/id_stage_i/register_file_i/mem_reg[6][10]	QN	199.664	190.088	150-200,150-200	42	1
SDFFARX1_RVT	u_core/core_i/id_stage_i/register_file_i/mem_reg[6][24]	RSTB	220.336	175.6435	200-250,150-200	43	1
SDFFARX1_RVT	u_core/core_i/id_stage_i/register_file_i/mem_reg[6][24]	RSTB	220.336	175.648	200-250,150-200	43	2
SDFFARX1_RVT	u_core/core_i/id_stage_i/register_file_i/mem_reg[6][24]	RSTB	220.336	175.6457	200-250,150-200	43	3
SDFFARX1_RVT	u_core/core_i/id_stage_i/register_file_i/mem_reg[5][3]	RSTB	180.36	189.0195	150-200,150-200	44	1
SDFFARX1_RVT	u_core/core_i/id_stage_i/register_file_i/mem_reg[5][3]	RSTB	180.36	189.024	150-200,150-200	44	2
SDFFARX1_RVT	u_core/core_i/id_stage_i/register_file_i/mem_reg[5][3]	RSTB	180.36	189.0217	150-200,150-200	44	3
SDFFARX1_RVT	u_core/core_i/id_stage_i/register_file_i/mem_reg[5][30]	CLK	200.424	170.632	200-250,150-200	45	1
SDFFARX1_RVT	u_core/core_i/id_stage_i/register_file_i/mem_reg[5][30]	CLK	200.424	170.642	200-250,150-200	45	2
SDFFARX1_RVT	u_core/core_i/id_stage_i/register_file_i/mem_reg[3][9]	RSTB	140.384	195.7075	100-150,150-200	46	1
SDFFARX1_RVT	u_core/core_i/id_stage_i/register_file_i/mem_reg[3][9]	RSTB	140.384	195.712	100-150,150-200	46	2
SDFFARX1_RVT	u_core/core_i/id_stage_i/register_file_i/mem_reg[3][9]	RSTB	140.384	195.7097	100-150,150-200	46	3
SDFFARX1_RVT	u_core/core_i/id_stage_i/mult_operand_b_ex_o_reg[3]	SI	119.712	210.912	100-150,200-250	47	1
SDFFARX1_RVT	u_core/core_i/id_stage_i/mult_operand_b_ex_o_reg[3]	SI	119.712	210.9495	100-150,200-250	47	2
SDFFARX1_RVT	u_core/core_i/id_stage_i/mult_operand_b_ex_o_reg[3]	SI	119.712	210.9307	100-150,200-250	47	3
SDFFARX1_RVT	u_core/core_i/id_stage_i/mult_operand_b_ex_o_reg[3]	CLK	120.32	210.76	100-150,200-250	48	1
SDFFARX1_RVT	u_core/core_i/id_stage_i/mult_operand_b_ex_o_reg[3]	CLK	120.32	210.78	100-150,200-250	48	2
SDFFARX1_RVT	u_core/core_i/id_stage_i/mult_operand_b_ex_o_reg[3]	CLK	120.32	210.77	100-150,200-250	48	3
SDFFARX1_RVT	u_core/core_i/id_stage_i/mult_operand_b_ex_o_reg[2]	CLK	120.472	204.072	100-150,200-250	49	1
SDFFARX1_RVT	u_core/core_i/id_stage_i/mult_operand_b_ex_o_reg[2]	CLK	120.472	204.082	100-150,200-250	49	2
SDFFARX1_RVT	u_core/core_i/id_stage_i/mult_operand_b_ex_o_reg[4]	RSTB	100.408	212.128	100-150,200-250	50	1
SDFFARX1_RVT	u_core/core_i/id_stage_i/mult_operand_b_ex_o_reg[4]	RSTB	100.408	212.1325	100-150,200-250	50	2
SDFFARX1_RVT	u_core/core_i/id_stage_i/mult_operand_b_ex_o_reg[4]	RSTB	100.408	212.1302	100-150,200-250	50	3
SDFFARX1_RVT	u_core/core_i/id_stage_i/alu_operand_a_ex_o_reg[16]	RSTB	140.384	209.0835	100-150,200-250	51	1
SDFFARX1_RVT	u_core/core_i/id_stage_i/alu_operand_a_ex_o_reg[16]	RSTB	140.384	209.088	100-150,200-250	51	2
SDFFARX1_RVT	u_core/core_i/id_stage_i/alu_operand_a_ex_o_reg[16]	RSTB	140.384	209.0857	100-150,200-250	51	3
SDFFARX1_RVT	u_core/core_i/id_stage_i/mult_operand_a_ex_o_reg[22]	CLK	80.344	200.728	050-100,200-250	52	1
SDFFARX1_RVT	u_core/core_i/id_stage_i/mult_operand_a_ex_o_reg[22]	CLK	80.344	200.748	050-100,200-250	52	2
SDFFARX1_RVT	u_core/core_i/id_stage_i/mult_operand_a_ex_o_reg[22]	CLK	80.344	200.738	050-100,200-250	52	3
SDFFARX1_RVT	u_core/core_i/id_stage_i/alu_operand_a_ex_o_reg[2]	RSTB	180.36	208.784	150-200,200-250	53	1
SDFFARX1_RVT	u_core/core_i/id_stage_i/alu_operand_a_ex_o_reg[2]	RSTB	180.36	208.7885	150-200,200-250	53	2
SDFFARX1_RVT	u_core/core_i/id_stage_i/alu_operand_a_ex_o_reg[2]	RSTB	180.36	208.7862	150-200,200-250	53	3
SDFFARX1_RVT	u_core/core_i/id_stage_i/alu_operand_a_ex_o_reg[15]	CLK	160.448	214.104	150-200,200-250	54	1
SDFFARX1_RVT	u_core/core_i/id_stage_i/alu_operand_a_ex_o_reg[15]	CLK	160.448	214.114	150-200,200-250	54	2
SDFFARX1_RVT	u_core/core_i/id_stage_i/mult_operand_c_ex_o_reg[12]	Q	80.344	199.968	050-100,150-200	55	1
SDFFARX1_RVT	u_core/core_i/id_stage_i/mult_operand_c_ex_o_reg[26]	SE	80.344	202.856	050-100,200-250	56	1
SDFFARX1_RVT	u_core/core_i/id_stage_i/mult_operand_c_ex_o_reg[26]	SE	80.344	202.8895	050-100,200-250	56	2
SDFFARX1_RVT	u_core/core_i/id_stage_i/mult_operand_c_ex_o_reg[26]	SE	80.344	202.8727	050-100,200-250	56	3
SDFFARX1_RVT	u_core/core_i/id_stage_i/register_file_i/mem_reg[5][29]	SE	199.664	174.8545	150-200,150-200	57	1
SDFFARX1_RVT	u_core/core_i/id_stage_i/register_file_i/mem_reg[5][29]	SE	199.664	174.888	150-200,150-200	57	2
SDFFARX1_RVT	u_core/core_i/id_stage_i/register_file_i/mem_reg[5][29]	SE	199.664	174.8712	150-200,150-200	57	3
SDFFARX1_RVT	u_core/core_i/id_stage_i/register_file_i/mem_reg[2][29]	SI	119.712	170.784	100-150,150-200	58	1
SDFFARX1_RVT	u_core/core_i/id_stage_i/register_file_i/mem_reg[2][29]	SI	119.712	170.8215	100-150,150-200	58	2
SDFFARX1_RVT	u_core/core_i/id_stage_i/register_file_i/mem_reg[2][29]	SI	119.712	170.8027	100-150,150-200	58	3
SDFFARX1_RVT	u_core/core_i/id_stage_i/register_file_i/mem_reg[2][29]	CLK	120.32	170.632	100-150,150-200	59	1
SDFFARX1_RVT	u_core/core_i/id_stage_i/register_file_i/mem_reg[2][29]	CLK	120.32	170.652	100-150,150-200	59	2
SDFFARX1_RVT	u_core/core_i/id_stage_i/register_file_i/mem_reg[2][29]	CLK	120.32	170.642	100-150,150-200	59	3
SDFFARX1_RVT	u_core/core_i/id_stage_i/mult_operand_b_ex_o_reg[20]	RSTB	100.408	212.4275	100-150,200-250	60	1
SDFFARX1_RVT	u_core/core_i/id_stage_i/mult_operand_b_ex_o_reg[20]	RSTB	100.408	212.432	100-150,200-250	60	2
SDFFARX1_RVT	u_core/core_i/id_stage_i/mult_operand_b_ex_o_reg[20]	RSTB	100.408	212.4297	100-150,200-250	60	3
SDFFARX1_RVT	u_core/core_i/id_stage_i/alu_operand_b_ex_o_reg[6]	Q	159.688	220.032	150-200,200-250	61	1
SDFFARX1_RVT	u_core/core_i/id_stage_i/alu_operand_a_ex_o_reg[1]	RSTB	179.6	202.3955	150-200,200-250	62	1
SDFFARX1_RVT	u_core/core_i/id_stage_i/alu_operand_a_ex_o_reg[1]	RSTB	179.6	202.4	150-200,200-250	62	2
SDFFARX1_RVT	u_core/core_i/id_stage_i/alu_operand_a_ex_o_reg[1]	RSTB	179.6	202.3977	150-200,200-250	62	3
SDFFARX1_RVT	u_core/core_i/id_stage_i/alu_operand_b_ex_o_reg[7]	RSTB	160.296	222.16	150-200,200-250	63	1
SDFFARX1_RVT	u_core/core_i/id_stage_i/alu_operand_b_ex_o_reg[7]	RSTB	160.296	222.1645	150-200,200-250	63	2
SDFFARX1_RVT	u_core/core_i/id_stage_i/alu_operand_b_ex_o_reg[7]	RSTB	160.296	222.1622	150-200,200-250	63	3
SDFFARX1_RVT	u_core/core_i/id_stage_i/alu_operand_b_ex_o_reg[8]	RSTB	159.688	225.504	150-200,200-250	64	1
SDFFARX1_RVT	u_core/core_i/id_stage_i/alu_operand_b_ex_o_reg[8]	RSTB	159.688	225.5085	150-200,200-250	64	2
SDFFARX1_RVT	u_core/core_i/id_stage_i/alu_operand_b_ex_o_reg[8]	RSTB	159.688	225.5062	150-200,200-250	64	3
SDFFARX1_RVT	u_core/core_i/id_stage_i/alu_operand_c_ex_o_reg[18]	RSTB	59.672	299.072	050-100,250-300	65	1
SDFFARX1_RVT	u_core/core_i/id_stage_i/alu_operand_c_ex_o_reg[18]	RSTB	59.672	299.0765	050-100,250-300	65	2
SDFFARX1_RVT	u_core/core_i/id_stage_i/alu_operand_c_ex_o_reg[18]	RSTB	59.672	299.0742	050-100,250-300	65	3
SDFFARX1_RVT	u_core/core_i/id_stage_i/alu_operand_c_ex_o_reg[28]	Q	80.344	301.504	050-100,300-350	66	1
SDFFARX1_RVT	u_core/core_i/id_stage_i/alu_operand_c_ex_o_reg[10]	SE	80.344	305.2705	050-100,300-350	67	1
SDFFARX1_RVT	u_core/core_i/id_stage_i/alu_operand_c_ex_o_reg[10]	SE	80.344	305.304	050-100,300-350	67	2
SDFFARX1_RVT	u_core/core_i/id_stage_i/alu_operand_c_ex_o_reg[10]	SE	80.344	305.2872	050-100,300-350	67	3
SDFFARX1_RVT	u_core/core_i/id_stage_i/alu_operand_c_ex_o_reg[15]	SE	59.672	305.2705	050-100,300-350	68	1
SDFFARX1_RVT	u_core/core_i/id_stage_i/alu_operand_c_ex_o_reg[15]	SE	59.672	305.304	050-100,300-350	68	2
SDFFARX1_RVT	u_core/core_i/id_stage_i/alu_operand_c_ex_o_reg[15]	SE	59.672	305.2872	050-100,300-350	68	3
SDFFARX1_RVT	u_core/core_i/cs_registers_i/mcause_q_reg[4]	RSTB	259.552	58.304	250-300,050-100	69	1
SDFFARX1_RVT	u_core/core_i/cs_registers_i/mcause_q_reg[4]	RSTB	259.552	58.3085	250-300,050-100	69	2
SDFFARX1_RVT	u_core/core_i/cs_registers_i/mcause_q_reg[4]	RSTB	259.552	58.3062	250-300,050-100	69	3
SDFFARX1_RVT	u_core/core_i/cs_registers_i/mcause_q_reg[2]	RSTB	259.552	55.2595	250-300,050-100	70	1
SDFFARX1_RVT	u_core/core_i/cs_registers_i/mcause_q_reg[2]	RSTB	259.552	55.264	250-300,050-100	70	2
SDFFARX1_RVT	u_core/core_i/cs_registers_i/mcause_q_reg[2]	RSTB	259.552	55.2617	250-300,050-100	70	3
SDFFARX1_RVT	u_core/core_i/cs_registers_i/depc_q_reg[11]	RSTB	259.704	85.056	250-300,050-100	71	1
SDFFARX1_RVT	u_core/core_i/cs_registers_i/depc_q_reg[11]	RSTB	259.704	85.0605	250-300,050-100	71	2
SDFFARX1_RVT	u_core/core_i/cs_registers_i/depc_q_reg[11]	RSTB	259.704	85.0582	250-300,050-100	71	3
SDFFARX1_RVT	u_core/core_i/cs_registers_i/depc_q_reg[10]	Q	260.312	87.488	250-300,050-100	72	1
SDFFARX1_RVT	u_core/core_i/cs_registers_i/depc_q_reg[8]	Q	260.312	96.304	250-300,050-100	73	1
SDFFARX1_RVT	u_core/core_i/cs_registers_i/dcsr_q_reg[stepie]	RSTB	260.312	45.2275	250-300,000-050	74	1
SDFFARX1_RVT	u_core/core_i/cs_registers_i/dcsr_q_reg[stepie]	RSTB	260.312	45.232	250-300,000-050	74	2
SDFFARX1_RVT	u_core/core_i/cs_registers_i/dcsr_q_reg[stepie]	RSTB	260.312	45.2297	250-300,000-050	74	3
SDFFARX1_RVT	u_core/core_i/cs_registers_i/mscratch_q_reg[26]	RSTB	259.552	28.208	250-300,000-050	75	1
SDFFARX1_RVT	u_core/core_i/cs_registers_i/mscratch_q_reg[26]	RSTB	259.552	28.2125	250-300,000-050	75	2
SDFFARX1_RVT	u_core/core_i/cs_registers_i/mscratch_q_reg[26]	RSTB	259.552	28.2102	250-300,000-050	75	3
SDFFARX1_RVT	u_core/core_i/cs_registers_i/mscratch_q_reg[25]	RSTB	259.552	21.8195	250-300,000-050	76	1
SDFFARX1_RVT	u_core/core_i/cs_registers_i/mscratch_q_reg[25]	RSTB	259.552	21.824	250-300,000-050	76	2
SDFFARX1_RVT	u_core/core_i/cs_registers_i/mscratch_q_reg[25]	RSTB	259.552	21.8217	250-300,000-050	76	3
SDFFARX1_RVT	u_core/core_i/cs_registers_i/mscratch_q_reg[24]	RSTB	259.552	24.864	250-300,000-050	77	1
SDFFARX1_RVT	u_core/core_i/cs_registers_i/mscratch_q_reg[24]	RSTB	259.552	24.8685	250-300,000-050	77	2
SDFFARX1_RVT	u_core/core_i/cs_registers_i/mscratch_q_reg[24]	RSTB	259.552	24.8662	250-300,000-050	77	3
SDFFARX1_RVT	u_core/core_i/cs_registers_i/mscratch_q_reg[7]	Q	260.312	37.328	250-300,000-050	78	1
SDFFARX1_RVT	u_core/core_i/cs_registers_i/mscratch_q_reg[4]	SE	259.704	42.344	250-300,000-050	79	1
SDFFARX1_RVT	u_core/core_i/cs_registers_i/mscratch_q_reg[4]	SE	259.704	42.3775	250-300,000-050	79	2
SDFFARX1_RVT	u_core/core_i/cs_registers_i/mscratch_q_reg[4]	SE	259.704	42.3607	250-300,000-050	79	3
SDFFARX1_RVT	u_core/core_i/cs_registers_i/mhpmcounter_q_reg[0][32]	Q	260.312	186.592	250-300,150-200	80	1
SDFFARX1_RVT	u_core/core_i/cs_registers_i/mhpmcounter_q_reg[0][44]	SE	259.704	188.2305	250-300,150-200	81	1
SDFFARX1_RVT	u_core/core_i/cs_registers_i/mhpmcounter_q_reg[0][44]	SE	259.704	188.264	250-300,150-200	81	2
SDFFARX1_RVT	u_core/core_i/cs_registers_i/mhpmcounter_q_reg[0][44]	SE	259.704	188.2472	250-300,150-200	81	3
SDFFARX1_RVT	u_core/core_i/cs_registers_i/mhpmcounter_q_reg[0][1]	SE	299.68	198.2625	250-300,150-200	82	1
SDFFARX1_RVT	u_core/core_i/cs_registers_i/mhpmcounter_q_reg[0][1]	SE	299.68	198.296	250-300,150-200	82	2
SDFFARX1_RVT	u_core/core_i/cs_registers_i/mhpmcounter_q_reg[0][1]	SE	299.68	198.2792	250-300,150-200	82	3
SDFFARX1_RVT	u_core/core_i/cs_registers_i/mhpmcounter_q_reg[0][4]	Q	300.288	223.376	300-350,200-250	83	1
SDFFARX1_RVT	u_core/core_i/cs_registers_i/mhpmcounter_q_reg[0][6]	SI	299.68	220.2985	250-300,200-250	84	1
SDFFARX1_RVT	u_core/core_i/cs_registers_i/mhpmcounter_q_reg[0][6]	SI	299.68	220.336	250-300,200-250	84	2
SDFFARX1_RVT	u_core/core_i/cs_registers_i/mhpmcounter_q_reg[0][6]	SI	299.68	220.3172	250-300,200-250	84	3
SDFFARX1_RVT	u_core/core_i/cs_registers_i/mhpmcounter_q_reg[0][6]	CLK	300.288	220.468	300-350,200-250	85	1
SDFFARX1_RVT	u_core/core_i/cs_registers_i/mhpmcounter_q_reg[0][6]	CLK	300.288	220.488	300-350,200-250	85	2
SDFFARX1_RVT	u_core/core_i/cs_registers_i/mhpmcounter_q_reg[0][6]	CLK	300.288	220.478	300-350,200-250	85	3
SDFFARX1_RVT	u_core/core_i/cs_registers_i/mhpmcounter_q_reg[2][61]	QN	299.68	139.928	250-300,100-150	86	1
SDFFARX1_RVT	u_core/core_i/cs_registers_i/mhpmcounter_q_reg[2][4]	RSTB	300.288	235.536	300-350,200-250	87	1
SDFFARX1_RVT	u_core/core_i/cs_registers_i/mhpmcounter_q_reg[2][4]	RSTB	300.288	235.5405	300-350,200-250	87	2
SDFFARX1_RVT	u_core/core_i/cs_registers_i/mhpmcounter_q_reg[2][4]	RSTB	300.288	235.5382	300-350,200-250	87	3
SDFFARX1_RVT	u_core/core_i/cs_registers_i/mhpmcounter_q_reg[2][5]	CLK	299.68	240.532	250-300,200-250	88	1
SDFFARX1_RVT	u_core/core_i/cs_registers_i/mhpmcounter_q_reg[2][5]	CLK	299.68	240.552	250-300,200-250	88	2
SDFFARX1_RVT	u_core/core_i/cs_registers_i/mhpmcounter_q_reg[2][5]	CLK	299.68	240.542	250-300,200-250	88	3
SDFFARX1_RVT	u_core/core_i/cs_registers_i/mhpmcounter_q_reg[2][6]	RSTB	299.528	242.5235	250-300,200-250	89	1
SDFFARX1_RVT	u_core/core_i/cs_registers_i/mhpmcounter_q_reg[2][6]	RSTB	299.528	242.528	250-300,200-250	89	2
SDFFARX1_RVT	u_core/core_i/cs_registers_i/mhpmcounter_q_reg[2][6]	RSTB	299.528	242.5257	250-300,200-250	89	3
SDFFARX1_RVT	u_core/core_i/cs_registers_i/mhpmcounter_q_reg[2][16]	SE	300.288	179.448	300-350,150-200	90	1
SDFFARX1_RVT	u_core/core_i/cs_registers_i/mhpmcounter_q_reg[2][16]	SE	300.288	179.4815	300-350,150-200	90	2
SDFFARX1_RVT	u_core/core_i/cs_registers_i/mhpmcounter_q_reg[2][16]	SE	300.288	179.4647	300-350,150-200	90	3
SDFFARX1_RVT	u_core/core_i/cs_registers_i/mhpmcounter_q_reg[2][22]	SE	300.288	154.7905	300-350,150-200	91	1
SDFFARX1_RVT	u_core/core_i/cs_registers_i/mhpmcounter_q_reg[2][22]	SE	300.288	154.824	300-350,150-200	91	2
SDFFARX1_RVT	u_core/core_i/cs_registers_i/mhpmcounter_q_reg[2][22]	SE	300.288	154.8072	300-350,150-200	91	3
SDFFARX1_RVT	u_core/core_i/cs_registers_i/mhpmcounter_q_reg[3][54]	CLK	239.64	150.568	200-250,150-200	92	1
SDFFARX1_RVT	u_core/core_i/cs_registers_i/mhpmcounter_q_reg[3][54]	CLK	239.64	150.578	200-250,150-200	92	2
SDFFARX1_RVT	u_core/core_i/cs_registers_i/mhpmcounter_q_reg[3][57]	CLK	240.4	143.88	200-250,100-150	93	1
SDFFARX1_RVT	u_core/core_i/cs_registers_i/mhpmcounter_q_reg[3][57]	CLK	240.4	143.89	200-250,100-150	93	2
SDFFARX1_RVT	u_core/core_i/cs_registers_i/mhpmcounter_q_reg[3][26]	RSTB	260.464	195.7075	250-300,150-200	94	1
SDFFARX1_RVT	u_core/core_i/cs_registers_i/mhpmcounter_q_reg[3][26]	RSTB	260.464	195.712	250-300,150-200	94	2
SDFFARX1_RVT	u_core/core_i/cs_registers_i/mhpmcounter_q_reg[3][26]	RSTB	260.464	195.7097	250-300,150-200	94	3
SDFFARX1_RVT	u_core/core_i/cs_registers_i/depc_q_reg[9]	RSTB	259.704	95.088	250-300,050-100	95	1
SDFFARX1_RVT	u_core/core_i/cs_registers_i/depc_q_reg[9]	RSTB	259.704	95.0925	250-300,050-100	95	2
SDFFARX1_RVT	u_core/core_i/cs_registers_i/depc_q_reg[9]	RSTB	259.704	95.0902	250-300,050-100	95	3
MUX41X1_HVT	u_core/core_i/U1662	A1	100.408	279.312	100-150,250-300	96	1
MUX41X1_HVT	u_core/core_i/U1787	A1	100.408	285.696	100-150,250-300	97	1
MUX41X1_HVT	u_core/core_i/U1789	S1	99.648	279.0065	050-100,250-300	98	1
MUX41X1_HVT	u_core/core_i/U1789	S1	99.648	279.008	050-100,250-300	98	2
MUX41X1_HVT	u_core/core_i/U1789	S1	99.648	279.0072	050-100,250-300	98	3
MUX41X1_HVT	u_core/core_i/U1876	A1	99.648	272.624	050-100,250-300	99	1
MUX41X1_HVT	u_core/core_i/U5425	S0	40.368	300.7365	000-050,300-350	100	1
MUX41X1_HVT	u_core/core_i/U5425	S0	40.368	300.744	000-050,300-350	100	2
MUX41X1_HVT	u_core/core_i/U5425	S0	40.368	300.7402	000-050,300-350	100	3
MUX41X1_HVT	u_core/core_i/U5428	S0	40.368	304.392	000-050,300-350	101	1
MUX41X1_HVT	u_core/core_i/U5428	S0	40.368	304.3995	000-050,300-350	101	2
MUX41X1_HVT	u_core/core_i/U5428	S0	40.368	304.3957	000-050,300-350	101	3
MUX41X1_HVT	u_core/core_i/U5436	S0	39.608	304.0805	000-050,300-350	102	1
MUX41X1_HVT	u_core/core_i/U5436	S0	39.608	304.088	000-050,300-350	102	2
MUX41X1_HVT	u_core/core_i/U5436	S0	39.608	304.0842	000-050,300-350	102	3
MUX41X1_HVT	u_core/core_i/U5445	S0	39.608	297.704	000-050,250-300	103	1
MUX41X1_HVT	u_core/core_i/U5445	S0	39.608	297.7115	000-050,250-300	103	2
MUX41X1_HVT	u_core/core_i/U5445	S0	39.608	297.7077	000-050,250-300	103	3
MUX41X1_HVT	u_core/core_i/U5417	S0	40.368	297.3925	000-050,250-300	104	1
MUX41X1_HVT	u_core/core_i/U5417	S0	40.368	297.4	000-050,250-300	104	2
MUX41X1_HVT	u_core/core_i/U5417	S0	40.368	297.3962	000-050,250-300	104	3
SDFFARX1_RVT	u_core/core_i/ex_stage_i/alu_i/alu_div_i/BReg_DP_reg[21]	CLK	239.64	277.64	200-250,250-300	105	1
SDFFARX1_RVT	u_core/core_i/ex_stage_i/alu_i/alu_div_i/BReg_DP_reg[21]	CLK	239.64	277.65	200-250,250-300	105	2
SDFFARX1_RVT	u_core/core_i/if_stage_i/prefetch_buffer_i/prefetch_controller_i/state_q_reg	RSTB	299.528	95.3875	250-300,050-100	106	1
SDFFARX1_RVT	u_core/core_i/if_stage_i/prefetch_buffer_i/prefetch_controller_i/state_q_reg	RSTB	299.528	95.392	250-300,050-100	106	2
SDFFARX1_RVT	u_core/core_i/if_stage_i/prefetch_buffer_i/prefetch_controller_i/state_q_reg	RSTB	299.528	95.3897	250-300,050-100	106	3
SDFFARX1_RVT	u_core/core_i/if_stage_i/prefetch_buffer_i/prefetch_controller_i/flush_cnt_q_reg[1]	Q	299.68	126.4	250-300,100-150	107	1
SDFFARX1_RVT	u_core/core_i/if_stage_i/prefetch_buffer_i/fifo_i/mem_q_reg[1][2]	RSTB	259.704	292.6835	250-300,250-300	108	1
SDFFARX1_RVT	u_core/core_i/if_stage_i/prefetch_buffer_i/fifo_i/mem_q_reg[1][2]	RSTB	259.704	292.688	250-300,250-300	108	2
SDFFARX1_RVT	u_core/core_i/if_stage_i/prefetch_buffer_i/fifo_i/mem_q_reg[1][2]	RSTB	259.704	292.6857	250-300,250-300	108	3
SDFFARX1_RVT	u_core/core_i/if_stage_i/instr_rdata_id_o_reg[3]	RSTB	259.552	252.256	250-300,250-300	109	1
SDFFARX1_RVT	u_core/core_i/if_stage_i/instr_rdata_id_o_reg[3]	RSTB	259.552	252.2605	250-300,250-300	109	2
SDFFARX1_RVT	u_core/core_i/if_stage_i/instr_rdata_id_o_reg[3]	RSTB	259.552	252.2582	250-300,250-300	109	3
SDFFARX1_RVT	u_core/core_i/if_stage_i/instr_rdata_id_o_reg[17]	RSTB	259.552	245.8675	250-300,200-250	110	1
SDFFARX1_RVT	u_core/core_i/if_stage_i/instr_rdata_id_o_reg[17]	RSTB	259.552	245.872	250-300,200-250	110	2
SDFFARX1_RVT	u_core/core_i/if_stage_i/instr_rdata_id_o_reg[17]	RSTB	259.552	245.8697	250-300,200-250	110	3
SDFFARX1_RVT	u_core/core_i/if_stage_i/instr_rdata_id_o_reg[14]	QN	259.704	236.904	250-300,200-250	111	1
SDFFARX1_RVT	u_core/core_i/if_stage_i/instr_rdata_id_o_reg[16]	QN	259.704	237.816	250-300,200-250	112	1
SDFFARX1_RVT	u_core/core_i/if_stage_i/instr_rdata_id_o_reg[9]	RSTB	259.552	252.5555	250-300,250-300	113	1
SDFFARX1_RVT	u_core/core_i/if_stage_i/instr_rdata_id_o_reg[9]	RSTB	259.552	252.56	250-300,250-300	113	2
SDFFARX1_RVT	u_core/core_i/if_stage_i/instr_rdata_id_o_reg[9]	RSTB	259.552	252.5577	250-300,250-300	113	3
SDFFARX1_RVT	u_core/core_i/if_stage_i/instr_rdata_id_o_reg[10]	RSTB	260.464	248.912	250-300,200-250	114	1
SDFFARX1_RVT	u_core/core_i/if_stage_i/instr_rdata_id_o_reg[10]	RSTB	260.464	248.9165	250-300,200-250	114	2
SDFFARX1_RVT	u_core/core_i/if_stage_i/instr_rdata_id_o_reg[10]	RSTB	260.464	248.9142	250-300,200-250	114	3
SDFFARX1_RVT	u_core/core_i/if_stage_i/prefetch_buffer_i/prefetch_controller_i/trans_addr_q_reg[2]	SI	299.68	103.2585	250-300,100-150	115	1
SDFFARX1_RVT	u_core/core_i/if_stage_i/prefetch_buffer_i/prefetch_controller_i/trans_addr_q_reg[2]	SI	299.68	103.296	250-300,100-150	115	2
SDFFARX1_RVT	u_core/core_i/if_stage_i/prefetch_buffer_i/prefetch_controller_i/trans_addr_q_reg[2]	SI	299.68	103.2772	250-300,100-150	115	3
SDFFARX1_RVT	u_core/core_i/if_stage_i/prefetch_buffer_i/prefetch_controller_i/trans_addr_q_reg[2]	CLK	300.288	103.428	300-350,100-150	116	1
SDFFARX1_RVT	u_core/core_i/if_stage_i/prefetch_buffer_i/prefetch_controller_i/trans_addr_q_reg[2]	CLK	300.288	103.448	300-350,100-150	116	2
SDFFARX1_RVT	u_core/core_i/if_stage_i/prefetch_buffer_i/prefetch_controller_i/trans_addr_q_reg[2]	CLK	300.288	103.438	300-350,100-150	116	3
SDFFARX1_RVT	u_core/core_i/if_stage_i/prefetch_buffer_i/prefetch_controller_i/trans_addr_q_reg[8]	Q	299.68	69.552	250-300,050-100	117	1
SDFFARX1_RVT	u_core/core_i/if_stage_i/prefetch_buffer_i/prefetch_controller_i/trans_addr_q_reg[10]	Q	300.288	44.016	300-350,000-050	118	1
SDFFARX1_RVT	u_core/core_i/if_stage_i/prefetch_buffer_i/prefetch_controller_i/trans_addr_q_reg[11]	SE	299.68	37.7505	250-300,000-050	119	1
SDFFARX1_RVT	u_core/core_i/if_stage_i/prefetch_buffer_i/prefetch_controller_i/trans_addr_q_reg[11]	SE	299.68	37.784	250-300,000-050	119	2
SDFFARX1_RVT	u_core/core_i/if_stage_i/prefetch_buffer_i/prefetch_controller_i/trans_addr_q_reg[11]	SE	299.68	37.7672	250-300,000-050	119	3
SDFFARX1_RVT	u_core/core_i/if_stage_i/prefetch_buffer_i/instruction_obi_i/gen_no_trans_stable.obi_addr_q_reg[12]	SE	300.288	32.312	300-350,000-050	120	1
SDFFARX1_RVT	u_core/core_i/if_stage_i/prefetch_buffer_i/instruction_obi_i/gen_no_trans_stable.obi_addr_q_reg[12]	SE	300.288	32.3455	300-350,000-050	120	2
SDFFARX1_RVT	u_core/core_i/if_stage_i/prefetch_buffer_i/instruction_obi_i/gen_no_trans_stable.obi_addr_q_reg[12]	SE	300.288	32.3287	300-350,000-050	120	3
SDFFARX1_RVT	u_core/core_i/if_stage_i/prefetch_buffer_i/instruction_obi_i/gen_no_trans_stable.obi_addr_q_reg[14]	Q	299.68	23.952	250-300,000-050	121	1
SDFFARX1_RVT	u_core/core_i/if_stage_i/prefetch_buffer_i/instruction_obi_i/gen_no_trans_stable.obi_addr_q_reg[15]	SE	300.288	25.624	300-350,000-050	122	1
SDFFARX1_RVT	u_core/core_i/if_stage_i/prefetch_buffer_i/instruction_obi_i/gen_no_trans_stable.obi_addr_q_reg[15]	SE	300.288	25.6575	300-350,000-050	122	2
SDFFARX1_RVT	u_core/core_i/if_stage_i/prefetch_buffer_i/instruction_obi_i/gen_no_trans_stable.obi_addr_q_reg[15]	SE	300.288	25.6407	300-350,000-050	122	3
SDFFARX1_RVT	u_core/core_i/if_stage_i/prefetch_buffer_i/prefetch_controller_i/trans_addr_q_reg[28]	SI	299.68	73.808	250-300,050-100	123	1
SDFFARX1_RVT	u_core/core_i/if_stage_i/prefetch_buffer_i/prefetch_controller_i/trans_addr_q_reg[28]	SI	299.68	73.8455	250-300,050-100	123	2
SDFFARX1_RVT	u_core/core_i/if_stage_i/prefetch_buffer_i/prefetch_controller_i/trans_addr_q_reg[28]	SI	299.68	73.8267	250-300,050-100	123	3
SDFFARX1_RVT	u_core/core_i/if_stage_i/prefetch_buffer_i/prefetch_controller_i/trans_addr_q_reg[28]	CLK	300.288	73.656	300-350,050-100	124	1
SDFFARX1_RVT	u_core/core_i/if_stage_i/prefetch_buffer_i/prefetch_controller_i/trans_addr_q_reg[28]	CLK	300.288	73.676	300-350,050-100	124	2
SDFFARX1_RVT	u_core/core_i/if_stage_i/prefetch_buffer_i/prefetch_controller_i/trans_addr_q_reg[28]	CLK	300.288	73.666	300-350,050-100	124	3
SDFFARX1_RVT	u_core/core_i/if_stage_i/prefetch_buffer_i/prefetch_controller_i/trans_addr_q_reg[30]	SE	300.288	85.816	300-350,050-100	125	1
SDFFARX1_RVT	u_core/core_i/if_stage_i/prefetch_buffer_i/prefetch_controller_i/trans_addr_q_reg[30]	SE	300.288	85.8495	300-350,050-100	125	2
SDFFARX1_RVT	u_core/core_i/if_stage_i/prefetch_buffer_i/prefetch_controller_i/trans_addr_q_reg[30]	SE	300.288	85.8327	300-350,050-100	125	3
