ref_name	cell_name	pin_name	point_x	point_y	point_bucket50	nearest_error_id	nearest_type	nearest_layer	nearest_cx	nearest_cy	nearest_bucket50	distance_um
SDFFARX1_RVT	u_core/core_i/id_stage_i/register_file_i/mem_reg[31][10]	CLK	40.3680	66.9680	000-050,050-100	27	Diff net spacing	M1 (11)	36.8720	77.9755	000-050,050-100	11.5493
SDFFARX1_RVT	u_core/core_i/id_stage_i/register_file_i/mem_reg[31][10]	CLK	40.3680	66.9780	000-050,050-100	27	Diff net spacing	M1 (11)	36.8720	77.9755	000-050,050-100	11.5398
SDFFARX1_RVT	u_core/core_i/id_stage_i/register_file_i/mem_reg[30][28]	RSTB	179.6000	172.0000	150-200,150-200	142	Needs fat contact	M1 (11)-M2 (13)	218.3600	198.1440	200-250,150-200	46.7530
SDFFARX1_RVT	u_core/core_i/id_stage_i/register_file_i/mem_reg[30][28]	RSTB	179.6000	172.0045	150-200,150-200	142	Needs fat contact	M1 (11)-M2 (13)	218.3600	198.1440	200-250,150-200	46.7505
SDFFARX1_RVT	u_core/core_i/id_stage_i/register_file_i/mem_reg[30][28]	RSTB	179.6000	172.0022	150-200,150-200	142	Needs fat contact	M1 (11)-M2 (13)	218.3600	198.1440	200-250,150-200	46.7518
SDFFARX1_RVT	u_core/core_i/id_stage_i/register_file_i/mem_reg[29][5]	CLK	59.6720	103.4280	050-100,100-150	72	Diff net spacing	M1 (11)	38.5440	114.7595	000-050,100-150	23.9749
SDFFARX1_RVT	u_core/core_i/id_stage_i/register_file_i/mem_reg[29][5]	CLK	59.6720	103.4480	050-100,100-150	72	Diff net spacing	M1 (11)	38.5440	114.7595	000-050,100-150	23.9654
SDFFARX1_RVT	u_core/core_i/id_stage_i/register_file_i/mem_reg[29][5]	CLK	59.6720	103.4380	050-100,100-150	72	Diff net spacing	M1 (11)	38.5440	114.7595	000-050,100-150	23.9702
SDFFARX1_RVT	u_core/core_i/id_stage_i/register_file_i/mem_reg[28][9]	SE	80.3440	112.5680	050-100,100-150	38	Diff net spacing	M1 (11)	104.2080	92.4405	100-150,050-100	31.2187
SDFFARX1_RVT	u_core/core_i/id_stage_i/register_file_i/mem_reg[28][9]	SE	80.3440	112.6015	050-100,100-150	38	Diff net spacing	M1 (11)	104.2080	92.4405	100-150,050-100	31.2403
SDFFARX1_RVT	u_core/core_i/id_stage_i/register_file_i/mem_reg[28][9]	SE	80.3440	112.5847	050-100,100-150	38	Diff net spacing	M1 (11)	104.2080	92.4405	100-150,050-100	31.2295
SDFFARX1_RVT	u_core/core_i/id_stage_i/register_file_i/mem_reg[28][22]	Q	119.7120	156.4960	100-150,150-200	130	Needs fat contact	M1 (11)-M2 (13)	91.7440	179.6000	050-100,150-200	36.2768
SDFFARX1_RVT	u_core/core_i/id_stage_i/register_file_i/mem_reg[27][30]	Q	80.3440	137.6480	050-100,100-150	103	Off-grid	M1 (11)	74.1320	154.6465	050-100,150-200	18.0980
SDFFARX1_RVT	u_core/core_i/id_stage_i/register_file_i/mem_reg[26][10]	QN	199.6640	63.0160	150-200,050-100	18	Off-grid	VIA1 (12)	223.5260	49.0320	200-250,000-050	27.6577
SDFFARX1_RVT	u_core/core_i/id_stage_i/register_file_i/mem_reg[25][23]	Q	220.3360	23.9520	200-250,000-050	20	Off-grid	VIA1 (12)	227.3260	47.8160	200-250,000-050	24.8667
SDFFARX1_RVT	u_core/core_i/id_stage_i/register_file_i/mem_reg[22][3]	SE	160.2960	44.4385	150-200,000-050	51	Needs fat contact	M1 (11)-M2 (13)	130.8080	82.6240	100-150,050-100	48.2460
SDFFARX1_RVT	u_core/core_i/id_stage_i/register_file_i/mem_reg[22][3]	SE	160.2960	44.4720	150-200,000-050	51	Needs fat contact	M1 (11)-M2 (13)	130.8080	82.6240	100-150,050-100	48.2195
SDFFARX1_RVT	u_core/core_i/id_stage_i/register_file_i/mem_reg[22][3]	SE	160.2960	44.4552	150-200,000-050	51	Needs fat contact	M1 (11)-M2 (13)	130.8080	82.6240	100-150,050-100	48.2328
SDFFARX1_RVT	u_core/core_i/id_stage_i/register_file_i/mem_reg[22][15]	RSTB	199.6640	44.9280	150-200,000-050	18	Off-grid	VIA1 (12)	223.5260	49.0320	200-250,000-050	24.2123
SDFFARX1_RVT	u_core/core_i/id_stage_i/register_file_i/mem_reg[22][15]	RSTB	199.6640	44.9325	150-200,000-050	18	Off-grid	VIA1 (12)	223.5260	49.0320	200-250,000-050	24.2116
SDFFARX1_RVT	u_core/core_i/id_stage_i/register_file_i/mem_reg[22][15]	RSTB	199.6640	44.9302	150-200,000-050	18	Off-grid	VIA1 (12)	223.5260	49.0320	200-250,000-050	24.2120
SDFFARX1_RVT	u_core/core_i/id_stage_i/register_file_i/mem_reg[21][17]	CLK	200.4240	40.2160	200-250,000-050	18	Off-grid	VIA1 (12)	223.5260	49.0320	200-250,000-050	24.7270
SDFFARX1_RVT	u_core/core_i/id_stage_i/register_file_i/mem_reg[21][17]	CLK	200.4240	40.2260	200-250,000-050	18	Off-grid	VIA1 (12)	223.5260	49.0320	200-250,000-050	24.7234
SDFFARX1_RVT	u_core/core_i/id_stage_i/register_file_i/mem_reg[21][30]	QN	199.6640	39.6080	150-200,000-050	18	Off-grid	VIA1 (12)	223.5260	49.0320	200-250,000-050	25.6555
SDFFARX1_RVT	u_core/core_i/id_stage_i/register_file_i/mem_reg[20][5]	SE	159.6880	64.5025	150-200,050-100	50	Needs fat contact	M1 (11)-M2 (13)	138.5600	87.7920	100-150,050-100	31.4451
SDFFARX1_RVT	u_core/core_i/id_stage_i/register_file_i/mem_reg[20][5]	SE	159.6880	64.5360	150-200,050-100	50	Needs fat contact	M1 (11)-M2 (13)	138.5600	87.7920	100-150,050-100	31.4203
SDFFARX1_RVT	u_core/core_i/id_stage_i/register_file_i/mem_reg[20][5]	SE	159.6880	64.5192	150-200,050-100	50	Needs fat contact	M1 (11)-M2 (13)	138.5600	87.7920	100-150,050-100	31.4327
SDFFARX1_RVT	u_core/core_i/id_stage_i/register_file_i/mem_reg[20][25]	RSTB	180.3600	64.9920	150-200,050-100	18	Off-grid	VIA1 (12)	223.5260	49.0320	200-250,000-050	46.0220
SDFFARX1_RVT	u_core/core_i/id_stage_i/register_file_i/mem_reg[20][25]	RSTB	180.3600	64.9965	150-200,050-100	18	Off-grid	VIA1 (12)	223.5260	49.0320	200-250,000-050	46.0236
SDFFARX1_RVT	u_core/core_i/id_stage_i/register_file_i/mem_reg[20][25]	RSTB	180.3600	64.9942	150-200,050-100	18	Off-grid	VIA1 (12)	223.5260	49.0320	200-250,000-050	46.0228
SDFFARX1_RVT	u_core/core_i/id_stage_i/register_file_i/mem_reg[20][26]	SE	160.2960	57.8145	150-200,050-100	50	Needs fat contact	M1 (11)-M2 (13)	138.5600	87.7920	100-150,050-100	37.0284
SDFFARX1_RVT	u_core/core_i/id_stage_i/register_file_i/mem_reg[20][26]	SE	160.2960	57.8480	150-200,050-100	50	Needs fat contact	M1 (11)-M2 (13)	138.5600	87.7920	100-150,050-100	37.0013
SDFFARX1_RVT	u_core/core_i/id_stage_i/register_file_i/mem_reg[20][26]	SE	160.2960	57.8312	150-200,050-100	50	Needs fat contact	M1 (11)-M2 (13)	138.5600	87.7920	100-150,050-100	37.0149
SDFFARX1_RVT	u_core/core_i/id_stage_i/register_file_i/mem_reg[20][31]	SE	159.6880	54.4705	150-200,050-100	50	Needs fat contact	M1 (11)-M2 (13)	138.5600	87.7920	100-150,050-100	39.4552
SDFFARX1_RVT	u_core/core_i/id_stage_i/register_file_i/mem_reg[20][31]	SE	159.6880	54.5040	150-200,050-100	50	Needs fat contact	M1 (11)-M2 (13)	138.5600	87.7920	100-150,050-100	39.4269
SDFFARX1_RVT	u_core/core_i/id_stage_i/register_file_i/mem_reg[20][31]	SE	159.6880	54.4872	150-200,050-100	50	Needs fat contact	M1 (11)-M2 (13)	138.5600	87.7920	100-150,050-100	39.4411
SDFFARX1_RVT	u_core/core_i/id_stage_i/register_file_i/mem_reg[19][1]	RSTB	199.6640	34.8960	150-200,000-050	18	Off-grid	VIA1 (12)	223.5260	49.0320	200-250,000-050	27.7348
SDFFARX1_RVT	u_core/core_i/id_stage_i/register_file_i/mem_reg[19][1]	RSTB	199.6640	34.9005	150-200,000-050	18	Off-grid	VIA1 (12)	223.5260	49.0320	200-250,000-050	27.7326
SDFFARX1_RVT	u_core/core_i/id_stage_i/register_file_i/mem_reg[19][1]	RSTB	199.6640	34.8982	150-200,000-050	18	Off-grid	VIA1 (12)	223.5260	49.0320	200-250,000-050	27.7337
SDFFARX1_RVT	u_core/core_i/id_stage_i/register_file_i/mem_reg[19][14]	Q	199.6640	29.4240	150-200,000-050	18	Off-grid	VIA1 (12)	223.5260	49.0320	200-250,000-050	30.8848
SDFFARX1_RVT	u_core/core_i/id_stage_i/register_file_i/mem_reg[18][10]	QN	119.7120	26.2320	100-150,000-050	30	Needs fat contact	M1 (11)-M2 (13)	118.4960	75.9360	100-150,050-100	49.7189
SDFFARX1_RVT	u_core/core_i/id_stage_i/register_file_i/mem_reg[18][13]	RSTB	140.3840	28.2080	100-150,000-050	31	Needs fat contact	M1 (11)-M2 (13)	121.3840	75.9360	100-150,050-100	51.3708
SDFFARX1_RVT	u_core/core_i/id_stage_i/register_file_i/mem_reg[18][13]	RSTB	140.3840	28.2125	100-150,000-050	31	Needs fat contact	M1 (11)-M2 (13)	121.3840	75.9360	100-150,050-100	51.3666
SDFFARX1_RVT	u_core/core_i/id_stage_i/register_file_i/mem_reg[18][13]	RSTB	140.3840	28.2102	100-150,000-050	31	Needs fat contact	M1 (11)-M2 (13)	121.3840	75.9360	100-150,050-100	51.3688
SDFFARX1_RVT	u_core/core_i/id_stage_i/register_file_i/mem_reg[18][18]	RSTB	159.6880	31.5520	150-200,000-050	31	Needs fat contact	M1 (11)-M2 (13)	121.3840	75.9360	100-150,050-100	58.6271
SDFFARX1_RVT	u_core/core_i/id_stage_i/register_file_i/mem_reg[18][18]	RSTB	159.6880	31.5565	150-200,000-050	31	Needs fat contact	M1 (11)-M2 (13)	121.3840	75.9360	100-150,050-100	58.6237
SDFFARX1_RVT	u_core/core_i/id_stage_i/register_file_i/mem_reg[18][18]	RSTB	159.6880	31.5542	150-200,000-050	31	Needs fat contact	M1 (11)-M2 (13)	121.3840	75.9360	100-150,050-100	58.6254
SDFFARX1_RVT	u_core/core_i/id_stage_i/register_file_i/mem_reg[17][4]	RSTB	159.6880	75.0240	150-200,050-100	50	Needs fat contact	M1 (11)-M2 (13)	138.5600	87.7920	100-150,050-100	24.6863
SDFFARX1_RVT	u_core/core_i/id_stage_i/register_file_i/mem_reg[17][4]	RSTB	159.6880	75.0285	150-200,050-100	50	Needs fat contact	M1 (11)-M2 (13)	138.5600	87.7920	100-150,050-100	24.6840
SDFFARX1_RVT	u_core/core_i/id_stage_i/register_file_i/mem_reg[17][4]	RSTB	159.6880	75.0262	150-200,050-100	50	Needs fat contact	M1 (11)-M2 (13)	138.5600	87.7920	100-150,050-100	24.6852
SDFFARX1_RVT	u_core/core_i/id_stage_i/register_file_i/mem_reg[16][18]	RSTB	119.7120	51.9155	100-150,050-100	30	Needs fat contact	M1 (11)-M2 (13)	118.4960	75.9360	100-150,050-100	24.0513
SDFFARX1_RVT	u_core/core_i/id_stage_i/register_file_i/mem_reg[16][18]	RSTB	119.7120	51.9200	100-150,050-100	30	Needs fat contact	M1 (11)-M2 (13)	118.4960	75.9360	100-150,050-100	24.0468
SDFFARX1_RVT	u_core/core_i/id_stage_i/register_file_i/mem_reg[16][18]	RSTB	119.7120	51.9177	100-150,050-100	30	Needs fat contact	M1 (11)-M2 (13)	118.4960	75.9360	100-150,050-100	24.0491
SDFFARX1_RVT	u_core/core_i/id_stage_i/register_file_i/mem_reg[16][25]	CLK	119.7120	53.5920	100-150,050-100	30	Needs fat contact	M1 (11)-M2 (13)	118.4960	75.9360	100-150,050-100	22.3771
SDFFARX1_RVT	u_core/core_i/id_stage_i/register_file_i/mem_reg[16][25]	CLK	119.7120	53.6120	100-150,050-100	30	Needs fat contact	M1 (11)-M2 (13)	118.4960	75.9360	100-150,050-100	22.3571
SDFFARX1_RVT	u_core/core_i/id_stage_i/register_file_i/mem_reg[16][25]	CLK	119.7120	53.6020	100-150,050-100	30	Needs fat contact	M1 (11)-M2 (13)	118.4960	75.9360	100-150,050-100	22.3671
SDFFARX1_RVT	u_core/core_i/id_stage_i/register_file_i/mem_reg[15][7]	CLK	220.3360	80.0200	200-250,050-100	53	Diff net spacing	M1 (11)	235.6880	88.0075	200-250,050-100	17.3056
SDFFARX1_RVT	u_core/core_i/id_stage_i/register_file_i/mem_reg[15][7]	CLK	220.3360	80.0400	200-250,050-100	53	Diff net spacing	M1 (11)	235.6880	88.0075	200-250,050-100	17.2964
SDFFARX1_RVT	u_core/core_i/id_stage_i/register_file_i/mem_reg[15][7]	CLK	220.3360	80.0300	200-250,050-100	53	Diff net spacing	M1 (11)	235.6880	88.0075	200-250,050-100	17.3010
SDFFARX1_RVT	u_core/core_i/id_stage_i/register_file_i/mem_reg[15][31]	RSTB	199.6640	71.9795	150-200,050-100	18	Off-grid	VIA1 (12)	223.5260	49.0320	200-250,000-050	33.1056
SDFFARX1_RVT	u_core/core_i/id_stage_i/register_file_i/mem_reg[15][31]	RSTB	199.6640	71.9840	150-200,050-100	18	Off-grid	VIA1 (12)	223.5260	49.0320	200-250,000-050	33.1088
SDFFARX1_RVT	u_core/core_i/id_stage_i/register_file_i/mem_reg[15][31]	RSTB	199.6640	71.9817	150-200,050-100	18	Off-grid	VIA1 (12)	223.5260	49.0320	200-250,000-050	33.1072
SDFFARX1_RVT	u_core/core_i/id_stage_i/register_file_i/mem_reg[14][3]	Q	80.3440	119.7120	050-100,100-150	103	Off-grid	M1 (11)	74.1320	154.6465	050-100,150-200	35.4825
SDFFARX1_RVT	u_core/core_i/id_stage_i/register_file_i/mem_reg[14][27]	RSTB	59.6720	138.5600	050-100,100-150	113	Off-grid	VIA1 (12)	58.1250	159.3840	050-100,150-200	20.8814
SDFFARX1_RVT	u_core/core_i/id_stage_i/register_file_i/mem_reg[14][27]	RSTB	59.6720	138.5645	050-100,100-150	113	Off-grid	VIA1 (12)	58.1250	159.3840	050-100,150-200	20.8769
SDFFARX1_RVT	u_core/core_i/id_stage_i/register_file_i/mem_reg[14][27]	RSTB	59.6720	138.5622	050-100,100-150	113	Off-grid	VIA1 (12)	58.1250	159.3840	050-100,150-200	20.8792
SDFFARX1_RVT	u_core/core_i/id_stage_i/register_file_i/mem_reg[13][21]	SE	220.3360	144.7585	200-250,100-150	115	Needs fat contact	M1 (11)-M2 (13)	229.4560	162.8800	200-250,150-200	20.2870
SDFFARX1_RVT	u_core/core_i/id_stage_i/register_file_i/mem_reg[13][21]	SE	220.3360	144.7920	200-250,100-150	115	Needs fat contact	M1 (11)-M2 (13)	229.4560	162.8800	200-250,150-200	20.2571
SDFFARX1_RVT	u_core/core_i/id_stage_i/register_file_i/mem_reg[13][21]	SE	220.3360	144.7752	200-250,100-150	115	Needs fat contact	M1 (11)-M2 (13)	229.4560	162.8800	200-250,150-200	20.2721
SDFFARX1_RVT	u_core/core_i/id_stage_i/register_file_i/mem_reg[12][1]	SE	80.3440	25.6240	050-100,000-050	11	Needs fat contact	M1 (11)-M2 (13)	40.6720	42.4960	000-050,000-050	43.1107
SDFFARX1_RVT	u_core/core_i/id_stage_i/register_file_i/mem_reg[12][1]	SE	80.3440	25.6575	050-100,000-050	11	Needs fat contact	M1 (11)-M2 (13)	40.6720	42.4960	000-050,000-050	43.0976
SDFFARX1_RVT	u_core/core_i/id_stage_i/register_file_i/mem_reg[12][1]	SE	80.3440	25.6407	050-100,000-050	11	Needs fat contact	M1 (11)-M2 (13)	40.6720	42.4960	000-050,000-050	43.1042
SDFFARX1_RVT	u_core/core_i/id_stage_i/register_file_i/mem_reg[11][9]	SE	160.2960	21.0305	150-200,000-050	31	Needs fat contact	M1 (11)-M2 (13)	121.3840	75.9360	100-150,050-100	67.2960
SDFFARX1_RVT	u_core/core_i/id_stage_i/register_file_i/mem_reg[11][9]	SE	160.2960	21.0640	150-200,000-050	31	Needs fat contact	M1 (11)-M2 (13)	121.3840	75.9360	100-150,050-100	67.2687
SDFFARX1_RVT	u_core/core_i/id_stage_i/register_file_i/mem_reg[11][9]	SE	160.2960	21.0472	150-200,000-050	31	Needs fat contact	M1 (11)-M2 (13)	121.3840	75.9360	100-150,050-100	67.2824
SDFFARX1_RVT	u_core/core_i/id_stage_i/register_file_i/mem_reg[11][17]	Q	59.6720	36.1120	050-100,000-050	11	Needs fat contact	M1 (11)-M2 (13)	40.6720	42.4960	000-050,000-050	20.0438
SDFFARX1_RVT	u_core/core_i/id_stage_i/register_file_i/mem_reg[11][19]	Q	59.6720	39.4560	050-100,000-050	11	Needs fat contact	M1 (11)-M2 (13)	40.6720	42.4960	000-050,000-050	19.2417
SDFFARX1_RVT	u_core/core_i/id_stage_i/register_file_i/mem_reg[11][23]	SI	119.7120	40.3680	100-150,000-050	30	Needs fat contact	M1 (11)-M2 (13)	118.4960	75.9360	100-150,050-100	35.5888
SDFFARX1_RVT	u_core/core_i/id_stage_i/register_file_i/mem_reg[11][23]	SI	119.7120	40.4055	100-150,000-050	30	Needs fat contact	M1 (11)-M2 (13)	118.4960	75.9360	100-150,050-100	35.5513
SDFFARX1_RVT	u_core/core_i/id_stage_i/register_file_i/mem_reg[11][23]	SI	119.7120	40.3867	100-150,000-050	30	Needs fat contact	M1 (11)-M2 (13)	118.4960	75.9360	100-150,050-100	35.5701
SDFFARX1_RVT	u_core/core_i/id_stage_i/register_file_i/mem_reg[11][23]	CLK	120.3200	40.2160	100-150,000-050	31	Needs fat contact	M1 (11)-M2 (13)	121.3840	75.9360	100-150,050-100	35.7358
SDFFARX1_RVT	u_core/core_i/id_stage_i/register_file_i/mem_reg[11][23]	CLK	120.3200	40.2360	100-150,000-050	31	Needs fat contact	M1 (11)-M2 (13)	121.3840	75.9360	100-150,050-100	35.7159
SDFFARX1_RVT	u_core/core_i/id_stage_i/register_file_i/mem_reg[11][23]	CLK	120.3200	40.2260	100-150,000-050	31	Needs fat contact	M1 (11)-M2 (13)	121.3840	75.9360	100-150,050-100	35.7258
SDFFARX1_RVT	u_core/core_i/id_stage_i/register_file_i/mem_reg[9][11]	Q	159.6880	72.8960	150-200,050-100	50	Needs fat contact	M1 (11)-M2 (13)	138.5600	87.7920	100-150,050-100	25.8512
SDFFARX1_RVT	u_core/core_i/id_stage_i/register_file_i/mem_reg[9][17]	Q	220.3360	67.4240	200-250,050-100	18	Off-grid	VIA1 (12)	223.5260	49.0320	200-250,000-050	18.6666
SDFFARX1_RVT	u_core/core_i/id_stage_i/register_file_i/mem_reg[9][18]	RSTB	219.5760	68.6355	200-250,050-100	18	Off-grid	VIA1 (12)	223.5260	49.0320	200-250,000-050	19.9975
SDFFARX1_RVT	u_core/core_i/id_stage_i/register_file_i/mem_reg[9][18]	RSTB	219.5760	68.6400	200-250,050-100	18	Off-grid	VIA1 (12)	223.5260	49.0320	200-250,000-050	20.0019
SDFFARX1_RVT	u_core/core_i/id_stage_i/register_file_i/mem_reg[9][18]	RSTB	219.5760	68.6377	200-250,050-100	18	Off-grid	VIA1 (12)	223.5260	49.0320	200-250,000-050	19.9996
SDFFARX1_RVT	u_core/core_i/id_stage_i/register_file_i/mem_reg[9][28]	SE	80.3440	65.7520	050-100,050-100	29	Diff net spacing	M1 (11)	106.4880	79.0645	100-150,050-100	29.3382
SDFFARX1_RVT	u_core/core_i/id_stage_i/register_file_i/mem_reg[9][28]	SE	80.3440	65.7855	050-100,050-100	29	Diff net spacing	M1 (11)	106.4880	79.0645	100-150,050-100	29.3230
SDFFARX1_RVT	u_core/core_i/id_stage_i/register_file_i/mem_reg[9][28]	SE	80.3440	65.7687	050-100,050-100	29	Diff net spacing	M1 (11)	106.4880	79.0645	100-150,050-100	29.3307
SDFFARX1_RVT	u_core/core_i/id_stage_i/register_file_i/mem_reg[7][8]	SE	159.6880	162.7280	150-200,150-200	139	Off-grid	M2 (13)	138.2560	199.5120	100-150,150-200	42.5722
SDFFARX1_RVT	u_core/core_i/id_stage_i/register_file_i/mem_reg[7][8]	SE	159.6880	162.7615	150-200,150-200	139	Off-grid	M2 (13)	138.2560	199.5120	100-150,150-200	42.5433
SDFFARX1_RVT	u_core/core_i/id_stage_i/register_file_i/mem_reg[7][8]	SE	159.6880	162.7447	150-200,150-200	139	Off-grid	M2 (13)	138.2560	199.5120	100-150,150-200	42.5578
SDFFARX1_RVT	u_core/core_i/id_stage_i/register_file_i/mem_reg[7][15]	CLK	159.6880	166.9640	150-200,150-200	139	Off-grid	M2 (13)	138.2560	199.5120	100-150,150-200	38.9705
SDFFARX1_RVT	u_core/core_i/id_stage_i/register_file_i/mem_reg[7][15]	CLK	159.6880	166.9840	150-200,150-200	139	Off-grid	M2 (13)	138.2560	199.5120	100-150,150-200	38.9538
SDFFARX1_RVT	u_core/core_i/id_stage_i/register_file_i/mem_reg[7][15]	CLK	159.6880	166.9740	150-200,150-200	139	Off-grid	M2 (13)	138.2560	199.5120	100-150,150-200	38.9622
SDFFARX1_RVT	u_core/core_i/id_stage_i/register_file_i/mem_reg[6][10]	QN	199.6640	190.0880	150-200,150-200	142	Needs fat contact	M1 (11)-M2 (13)	218.3600	198.1440	200-250,150-200	20.3578
SDFFARX1_RVT	u_core/core_i/id_stage_i/register_file_i/mem_reg[6][24]	RSTB	220.3360	175.6435	200-250,150-200	115	Needs fat contact	M1 (11)-M2 (13)	229.4560	162.8800	200-250,150-200	15.6870
SDFFARX1_RVT	u_core/core_i/id_stage_i/register_file_i/mem_reg[6][24]	RSTB	220.3360	175.6480	200-250,150-200	115	Needs fat contact	M1 (11)-M2 (13)	229.4560	162.8800	200-250,150-200	15.6906
SDFFARX1_RVT	u_core/core_i/id_stage_i/register_file_i/mem_reg[6][24]	RSTB	220.3360	175.6457	200-250,150-200	115	Needs fat contact	M1 (11)-M2 (13)	229.4560	162.8800	200-250,150-200	15.6888
SDFFARX1_RVT	u_core/core_i/id_stage_i/register_file_i/mem_reg[5][3]	RSTB	180.3600	189.0195	150-200,150-200	184	Off-grid	M2 (13)	197.2050	219.5760	150-200,200-250	34.8920
SDFFARX1_RVT	u_core/core_i/id_stage_i/register_file_i/mem_reg[5][3]	RSTB	180.3600	189.0240	150-200,150-200	184	Off-grid	M2 (13)	197.2050	219.5760	150-200,200-250	34.8881
SDFFARX1_RVT	u_core/core_i/id_stage_i/register_file_i/mem_reg[5][3]	RSTB	180.3600	189.0217	150-200,150-200	184	Off-grid	M2 (13)	197.2050	219.5760	150-200,200-250	34.8901
SDFFARX1_RVT	u_core/core_i/id_stage_i/register_file_i/mem_reg[5][30]	CLK	200.4240	170.6320	200-250,150-200	115	Needs fat contact	M1 (11)-M2 (13)	229.4560	162.8800	200-250,150-200	30.0491
SDFFARX1_RVT	u_core/core_i/id_stage_i/register_file_i/mem_reg[5][30]	CLK	200.4240	170.6420	200-250,150-200	115	Needs fat contact	M1 (11)-M2 (13)	229.4560	162.8800	200-250,150-200	30.0517
SDFFARX1_RVT	u_core/core_i/id_stage_i/register_file_i/mem_reg[3][9]	RSTB	140.3840	195.7075	100-150,150-200	139	Off-grid	M2 (13)	138.2560	199.5120	100-150,150-200	4.3592
SDFFARX1_RVT	u_core/core_i/id_stage_i/register_file_i/mem_reg[3][9]	RSTB	140.3840	195.7120	100-150,150-200	139	Off-grid	M2 (13)	138.2560	199.5120	100-150,150-200	4.3553
SDFFARX1_RVT	u_core/core_i/id_stage_i/register_file_i/mem_reg[3][9]	RSTB	140.3840	195.7097	100-150,150-200	139	Off-grid	M2 (13)	138.2560	199.5120	100-150,150-200	4.3573
SDFFARX1_RVT	u_core/core_i/id_stage_i/mult_operand_b_ex_o_reg[3]	SI	119.7120	210.9120	100-150,200-250	149	Off-grid	VIA1 (12)	134.7330	211.6720	100-150,200-250	15.0402
SDFFARX1_RVT	u_core/core_i/id_stage_i/mult_operand_b_ex_o_reg[3]	SI	119.7120	210.9495	100-150,200-250	149	Off-grid	VIA1 (12)	134.7330	211.6720	100-150,200-250	15.0384
SDFFARX1_RVT	u_core/core_i/id_stage_i/mult_operand_b_ex_o_reg[3]	SI	119.7120	210.9307	100-150,200-250	149	Off-grid	VIA1 (12)	134.7330	211.6720	100-150,200-250	15.0393
SDFFARX1_RVT	u_core/core_i/id_stage_i/mult_operand_b_ex_o_reg[3]	CLK	120.3200	210.7600	100-150,200-250	149	Off-grid	VIA1 (12)	134.7330	211.6720	100-150,200-250	14.4418
SDFFARX1_RVT	u_core/core_i/id_stage_i/mult_operand_b_ex_o_reg[3]	CLK	120.3200	210.7800	100-150,200-250	149	Off-grid	VIA1 (12)	134.7330	211.6720	100-150,200-250	14.4406
SDFFARX1_RVT	u_core/core_i/id_stage_i/mult_operand_b_ex_o_reg[3]	CLK	120.3200	210.7700	100-150,200-250	149	Off-grid	VIA1 (12)	134.7330	211.6720	100-150,200-250	14.4412
SDFFARX1_RVT	u_core/core_i/id_stage_i/mult_operand_b_ex_o_reg[2]	CLK	120.4720	204.0720	100-150,200-250	152	Off-grid	M2 (13)	134.4290	204.9840	100-150,200-250	13.9868
SDFFARX1_RVT	u_core/core_i/id_stage_i/mult_operand_b_ex_o_reg[2]	CLK	120.4720	204.0820	100-150,200-250	152	Off-grid	M2 (13)	134.4290	204.9840	100-150,200-250	13.9861
SDFFARX1_RVT	u_core/core_i/id_stage_i/mult_operand_b_ex_o_reg[4]	RSTB	100.4080	212.1280	100-150,200-250	129	Needs fat contact	M1 (11)-M2 (13)	89.0080	181.4240	050-100,150-200	32.7520
SDFFARX1_RVT	u_core/core_i/id_stage_i/mult_operand_b_ex_o_reg[4]	RSTB	100.4080	212.1325	100-150,200-250	129	Needs fat contact	M1 (11)-M2 (13)	89.0080	181.4240	050-100,150-200	32.7563
SDFFARX1_RVT	u_core/core_i/id_stage_i/mult_operand_b_ex_o_reg[4]	RSTB	100.4080	212.1302	100-150,200-250	129	Needs fat contact	M1 (11)-M2 (13)	89.0080	181.4240	050-100,150-200	32.7541
SDFFARX1_RVT	u_core/core_i/id_stage_i/alu_operand_a_ex_o_reg[16]	RSTB	140.3840	209.0835	100-150,200-250	145	Off-grid	VIA1 (12)	137.4940	206.2000	100-150,200-250	4.0825
SDFFARX1_RVT	u_core/core_i/id_stage_i/alu_operand_a_ex_o_reg[16]	RSTB	140.3840	209.0880	100-150,200-250	145	Off-grid	VIA1 (12)	137.4940	206.2000	100-150,200-250	4.0857
SDFFARX1_RVT	u_core/core_i/id_stage_i/alu_operand_a_ex_o_reg[16]	RSTB	140.3840	209.0857	100-150,200-250	145	Off-grid	VIA1 (12)	137.4940	206.2000	100-150,200-250	4.0840
SDFFARX1_RVT	u_core/core_i/id_stage_i/mult_operand_a_ex_o_reg[22]	CLK	80.3440	200.7280	050-100,200-250	129	Needs fat contact	M1 (11)-M2 (13)	89.0080	181.4240	050-100,150-200	21.1591
SDFFARX1_RVT	u_core/core_i/id_stage_i/mult_operand_a_ex_o_reg[22]	CLK	80.3440	200.7480	050-100,200-250	129	Needs fat contact	M1 (11)-M2 (13)	89.0080	181.4240	050-100,150-200	21.1774
SDFFARX1_RVT	u_core/core_i/id_stage_i/mult_operand_a_ex_o_reg[22]	CLK	80.3440	200.7380	050-100,200-250	129	Needs fat contact	M1 (11)-M2 (13)	89.0080	181.4240	050-100,150-200	21.1683
SDFFARX1_RVT	u_core/core_i/id_stage_i/alu_operand_a_ex_o_reg[2]	RSTB	180.3600	208.7840	150-200,200-250	179	Off-grid	VIA1 (12)	189.3010	222.9200	150-200,200-250	16.7263
SDFFARX1_RVT	u_core/core_i/id_stage_i/alu_operand_a_ex_o_reg[2]	RSTB	180.3600	208.7885	150-200,200-250	179	Off-grid	VIA1 (12)	189.3010	222.9200	150-200,200-250	16.7225
SDFFARX1_RVT	u_core/core_i/id_stage_i/alu_operand_a_ex_o_reg[2]	RSTB	180.3600	208.7862	150-200,200-250	179	Off-grid	VIA1 (12)	189.3010	222.9200	150-200,200-250	16.7244
SDFFARX1_RVT	u_core/core_i/id_stage_i/alu_operand_a_ex_o_reg[15]	CLK	160.4480	214.1040	150-200,200-250	177	Off-grid	M1 (11)	144.0320	222.9200	100-150,200-250	18.6335
SDFFARX1_RVT	u_core/core_i/id_stage_i/alu_operand_a_ex_o_reg[15]	CLK	160.4480	214.1140	150-200,200-250	177	Off-grid	M1 (11)	144.0320	222.9200	100-150,200-250	18.6288
SDFFARX1_RVT	u_core/core_i/id_stage_i/mult_operand_c_ex_o_reg[12]	Q	80.3440	199.9680	050-100,150-200	129	Needs fat contact	M1 (11)-M2 (13)	89.0080	181.4240	050-100,150-200	20.4681
SDFFARX1_RVT	u_core/core_i/id_stage_i/mult_operand_c_ex_o_reg[26]	SE	80.3440	202.8560	050-100,200-250	129	Needs fat contact	M1 (11)-M2 (13)	89.0080	181.4240	050-100,150-200	23.1170
SDFFARX1_RVT	u_core/core_i/id_stage_i/mult_operand_c_ex_o_reg[26]	SE	80.3440	202.8895	050-100,200-250	129	Needs fat contact	M1 (11)-M2 (13)	89.0080	181.4240	050-100,150-200	23.1481
SDFFARX1_RVT	u_core/core_i/id_stage_i/mult_operand_c_ex_o_reg[26]	SE	80.3440	202.8727	050-100,200-250	129	Needs fat contact	M1 (11)-M2 (13)	89.0080	181.4240	050-100,150-200	23.1325
SDFFARX1_RVT	u_core/core_i/id_stage_i/register_file_i/mem_reg[5][29]	SE	199.6640	174.8545	150-200,150-200	142	Needs fat contact	M1 (11)-M2 (13)	218.3600	198.1440	200-250,150-200	29.8654
SDFFARX1_RVT	u_core/core_i/id_stage_i/register_file_i/mem_reg[5][29]	SE	199.6640	174.8880	150-200,150-200	142	Needs fat contact	M1 (11)-M2 (13)	218.3600	198.1440	200-250,150-200	29.8393
SDFFARX1_RVT	u_core/core_i/id_stage_i/register_file_i/mem_reg[5][29]	SE	199.6640	174.8712	150-200,150-200	142	Needs fat contact	M1 (11)-M2 (13)	218.3600	198.1440	200-250,150-200	29.8524
SDFFARX1_RVT	u_core/core_i/id_stage_i/register_file_i/mem_reg[2][29]	SI	119.7120	170.7840	100-150,150-200	130	Needs fat contact	M1 (11)-M2 (13)	91.7440	179.6000	050-100,150-200	29.3246
SDFFARX1_RVT	u_core/core_i/id_stage_i/register_file_i/mem_reg[2][29]	SI	119.7120	170.8215	100-150,150-200	130	Needs fat contact	M1 (11)-M2 (13)	91.7440	179.6000	050-100,150-200	29.3133
SDFFARX1_RVT	u_core/core_i/id_stage_i/register_file_i/mem_reg[2][29]	SI	119.7120	170.8027	100-150,150-200	130	Needs fat contact	M1 (11)-M2 (13)	91.7440	179.6000	050-100,150-200	29.3190
SDFFARX1_RVT	u_core/core_i/id_stage_i/register_file_i/mem_reg[2][29]	CLK	120.3200	170.6320	100-150,150-200	130	Needs fat contact	M1 (11)-M2 (13)	91.7440	179.6000	050-100,150-200	29.9502
SDFFARX1_RVT	u_core/core_i/id_stage_i/register_file_i/mem_reg[2][29]	CLK	120.3200	170.6520	100-150,150-200	130	Needs fat contact	M1 (11)-M2 (13)	91.7440	179.6000	050-100,150-200	29.9442
SDFFARX1_RVT	u_core/core_i/id_stage_i/register_file_i/mem_reg[2][29]	CLK	120.3200	170.6420	100-150,150-200	130	Needs fat contact	M1 (11)-M2 (13)	91.7440	179.6000	050-100,150-200	29.9472
SDFFARX1_RVT	u_core/core_i/id_stage_i/mult_operand_b_ex_o_reg[20]	RSTB	100.4080	212.4275	100-150,200-250	129	Needs fat contact	M1 (11)-M2 (13)	89.0080	181.4240	050-100,150-200	33.0330
SDFFARX1_RVT	u_core/core_i/id_stage_i/mult_operand_b_ex_o_reg[20]	RSTB	100.4080	212.4320	100-150,200-250	129	Needs fat contact	M1 (11)-M2 (13)	89.0080	181.4240	050-100,150-200	33.0372
SDFFARX1_RVT	u_core/core_i/id_stage_i/mult_operand_b_ex_o_reg[20]	RSTB	100.4080	212.4297	100-150,200-250	129	Needs fat contact	M1 (11)-M2 (13)	89.0080	181.4240	050-100,150-200	33.0350
SDFFARX1_RVT	u_core/core_i/id_stage_i/alu_operand_b_ex_o_reg[6]	Q	159.6880	220.0320	150-200,200-250	177	Off-grid	M1 (11)	144.0320	222.9200	100-150,200-250	15.9201
SDFFARX1_RVT	u_core/core_i/id_stage_i/alu_operand_a_ex_o_reg[1]	RSTB	179.6000	202.3955	150-200,200-250	179	Off-grid	VIA1 (12)	189.3010	222.9200	150-200,200-250	22.7016
SDFFARX1_RVT	u_core/core_i/id_stage_i/alu_operand_a_ex_o_reg[1]	RSTB	179.6000	202.4000	150-200,200-250	179	Off-grid	VIA1 (12)	189.3010	222.9200	150-200,200-250	22.6976
SDFFARX1_RVT	u_core/core_i/id_stage_i/alu_operand_a_ex_o_reg[1]	RSTB	179.6000	202.3977	150-200,200-250	179	Off-grid	VIA1 (12)	189.3010	222.9200	150-200,200-250	22.6997
SDFFARX1_RVT	u_core/core_i/id_stage_i/alu_operand_b_ex_o_reg[7]	RSTB	160.2960	222.1600	150-200,200-250	177	Off-grid	M1 (11)	144.0320	222.9200	100-150,200-250	16.2817
SDFFARX1_RVT	u_core/core_i/id_stage_i/alu_operand_b_ex_o_reg[7]	RSTB	160.2960	222.1645	150-200,200-250	177	Off-grid	M1 (11)	144.0320	222.9200	100-150,200-250	16.2815
SDFFARX1_RVT	u_core/core_i/id_stage_i/alu_operand_b_ex_o_reg[7]	RSTB	160.2960	222.1622	150-200,200-250	177	Off-grid	M1 (11)	144.0320	222.9200	100-150,200-250	16.2816
SDFFARX1_RVT	u_core/core_i/id_stage_i/alu_operand_b_ex_o_reg[8]	RSTB	159.6880	225.5040	150-200,200-250	177	Off-grid	M1 (11)	144.0320	222.9200	100-150,200-250	15.8678
SDFFARX1_RVT	u_core/core_i/id_stage_i/alu_operand_b_ex_o_reg[8]	RSTB	159.6880	225.5085	150-200,200-250	177	Off-grid	M1 (11)	144.0320	222.9200	100-150,200-250	15.8685
SDFFARX1_RVT	u_core/core_i/id_stage_i/alu_operand_b_ex_o_reg[8]	RSTB	159.6880	225.5062	150-200,200-250	177	Off-grid	M1 (11)	144.0320	222.9200	100-150,200-250	15.8682
SDFFARX1_RVT	u_core/core_i/id_stage_i/alu_operand_c_ex_o_reg[18]	RSTB	59.6720	299.0720	050-100,250-300	354	Off-grid	VIA1 (12)	46.1170	281.7440	000-050,250-300	21.9999
SDFFARX1_RVT	u_core/core_i/id_stage_i/alu_operand_c_ex_o_reg[18]	RSTB	59.6720	299.0765	050-100,250-300	354	Off-grid	VIA1 (12)	46.1170	281.7440	000-050,250-300	22.0035
SDFFARX1_RVT	u_core/core_i/id_stage_i/alu_operand_c_ex_o_reg[18]	RSTB	59.6720	299.0742	050-100,250-300	354	Off-grid	VIA1 (12)	46.1170	281.7440	000-050,250-300	22.0017
SDFFARX1_RVT	u_core/core_i/id_stage_i/alu_operand_c_ex_o_reg[28]	Q	80.3440	301.5040	050-100,300-350	303	Off-grid	VIA1 (12)	60.7090	276.5760	050-100,250-300	31.7323
SDFFARX1_RVT	u_core/core_i/id_stage_i/alu_operand_c_ex_o_reg[10]	SE	80.3440	305.2705	050-100,300-350	303	Off-grid	VIA1 (12)	60.7090	276.5760	050-100,250-300	34.7693
SDFFARX1_RVT	u_core/core_i/id_stage_i/alu_operand_c_ex_o_reg[10]	SE	80.3440	305.3040	050-100,300-350	303	Off-grid	VIA1 (12)	60.7090	276.5760	050-100,250-300	34.7970
SDFFARX1_RVT	u_core/core_i/id_stage_i/alu_operand_c_ex_o_reg[10]	SE	80.3440	305.2872	050-100,300-350	303	Off-grid	VIA1 (12)	60.7090	276.5760	050-100,250-300	34.7831
SDFFARX1_RVT	u_core/core_i/id_stage_i/alu_operand_c_ex_o_reg[15]	SE	59.6720	305.2705	050-100,300-350	354	Off-grid	VIA1 (12)	46.1170	281.7440	000-050,250-300	27.1521
SDFFARX1_RVT	u_core/core_i/id_stage_i/alu_operand_c_ex_o_reg[15]	SE	59.6720	305.3040	050-100,300-350	354	Off-grid	VIA1 (12)	46.1170	281.7440	000-050,250-300	27.1811
SDFFARX1_RVT	u_core/core_i/id_stage_i/alu_operand_c_ex_o_reg[15]	SE	59.6720	305.2872	050-100,300-350	354	Off-grid	VIA1 (12)	46.1170	281.7440	000-050,250-300	27.1665
SDFFARX1_RVT	u_core/core_i/cs_registers_i/mcause_q_reg[4]	RSTB	259.5520	58.3040	250-300,050-100	26	Diff net spacing	M1 (11)	237.9680	57.9115	200-250,050-100	21.5876
SDFFARX1_RVT	u_core/core_i/cs_registers_i/mcause_q_reg[4]	RSTB	259.5520	58.3085	250-300,050-100	26	Diff net spacing	M1 (11)	237.9680	57.9115	200-250,050-100	21.5877
SDFFARX1_RVT	u_core/core_i/cs_registers_i/mcause_q_reg[4]	RSTB	259.5520	58.3062	250-300,050-100	26	Diff net spacing	M1 (11)	237.9680	57.9115	200-250,050-100	21.5876
SDFFARX1_RVT	u_core/core_i/cs_registers_i/mcause_q_reg[2]	RSTB	259.5520	55.2595	250-300,050-100	26	Diff net spacing	M1 (11)	237.9680	57.9115	200-250,050-100	21.7463
SDFFARX1_RVT	u_core/core_i/cs_registers_i/mcause_q_reg[2]	RSTB	259.5520	55.2640	250-300,050-100	26	Diff net spacing	M1 (11)	237.9680	57.9115	200-250,050-100	21.7458
SDFFARX1_RVT	u_core/core_i/cs_registers_i/mcause_q_reg[2]	RSTB	259.5520	55.2617	250-300,050-100	26	Diff net spacing	M1 (11)	237.9680	57.9115	200-250,050-100	21.7460
SDFFARX1_RVT	u_core/core_i/cs_registers_i/depc_q_reg[11]	RSTB	259.7040	85.0560	250-300,050-100	57	Diff net spacing	M2 (13)	259.5660	85.1320	250-300,050-100	0.1575
SDFFARX1_RVT	u_core/core_i/cs_registers_i/depc_q_reg[11]	RSTB	259.7040	85.0605	250-300,050-100	57	Diff net spacing	M2 (13)	259.5660	85.1320	250-300,050-100	0.1554
SDFFARX1_RVT	u_core/core_i/cs_registers_i/depc_q_reg[11]	RSTB	259.7040	85.0582	250-300,050-100	57	Diff net spacing	M2 (13)	259.5660	85.1320	250-300,050-100	0.1565
SDFFARX1_RVT	u_core/core_i/cs_registers_i/depc_q_reg[10]	Q	260.3120	87.4880	250-300,050-100	57	Diff net spacing	M2 (13)	259.5660	85.1320	250-300,050-100	2.4713
SDFFARX1_RVT	u_core/core_i/cs_registers_i/depc_q_reg[8]	Q	260.3120	96.3040	250-300,050-100	71	Diff net spacing	M2 (13)	259.5660	95.1640	250-300,050-100	1.3624
SDFFARX1_RVT	u_core/core_i/cs_registers_i/dcsr_q_reg[stepie]	RSTB	260.3120	45.2275	250-300,000-050	12	Off-grid	VIA1 (12)	235.8130	45.6880	200-250,000-050	24.5033
SDFFARX1_RVT	u_core/core_i/cs_registers_i/dcsr_q_reg[stepie]	RSTB	260.3120	45.2320	250-300,000-050	12	Off-grid	VIA1 (12)	235.8130	45.6880	200-250,000-050	24.5032
SDFFARX1_RVT	u_core/core_i/cs_registers_i/dcsr_q_reg[stepie]	RSTB	260.3120	45.2297	250-300,000-050	12	Off-grid	VIA1 (12)	235.8130	45.6880	200-250,000-050	24.5033
SDFFARX1_RVT	u_core/core_i/cs_registers_i/mscratch_q_reg[26]	RSTB	259.5520	28.2080	250-300,000-050	12	Off-grid	VIA1 (12)	235.8130	45.6880	200-250,000-050	29.4803
SDFFARX1_RVT	u_core/core_i/cs_registers_i/mscratch_q_reg[26]	RSTB	259.5520	28.2125	250-300,000-050	12	Off-grid	VIA1 (12)	235.8130	45.6880	200-250,000-050	29.4777
SDFFARX1_RVT	u_core/core_i/cs_registers_i/mscratch_q_reg[26]	RSTB	259.5520	28.2102	250-300,000-050	12	Off-grid	VIA1 (12)	235.8130	45.6880	200-250,000-050	29.4790
SDFFARX1_RVT	u_core/core_i/cs_registers_i/mscratch_q_reg[25]	RSTB	259.5520	21.8195	250-300,000-050	12	Off-grid	VIA1 (12)	235.8130	45.6880	200-250,000-050	33.6637
SDFFARX1_RVT	u_core/core_i/cs_registers_i/mscratch_q_reg[25]	RSTB	259.5520	21.8240	250-300,000-050	12	Off-grid	VIA1 (12)	235.8130	45.6880	200-250,000-050	33.6605
SDFFARX1_RVT	u_core/core_i/cs_registers_i/mscratch_q_reg[25]	RSTB	259.5520	21.8217	250-300,000-050	12	Off-grid	VIA1 (12)	235.8130	45.6880	200-250,000-050	33.6622
SDFFARX1_RVT	u_core/core_i/cs_registers_i/mscratch_q_reg[24]	RSTB	259.5520	24.8640	250-300,000-050	12	Off-grid	VIA1 (12)	235.8130	45.6880	200-250,000-050	31.5781
SDFFARX1_RVT	u_core/core_i/cs_registers_i/mscratch_q_reg[24]	RSTB	259.5520	24.8685	250-300,000-050	12	Off-grid	VIA1 (12)	235.8130	45.6880	200-250,000-050	31.5752
SDFFARX1_RVT	u_core/core_i/cs_registers_i/mscratch_q_reg[24]	RSTB	259.5520	24.8662	250-300,000-050	12	Off-grid	VIA1 (12)	235.8130	45.6880	200-250,000-050	31.5767
SDFFARX1_RVT	u_core/core_i/cs_registers_i/mscratch_q_reg[7]	Q	260.3120	37.3280	250-300,000-050	12	Off-grid	VIA1 (12)	235.8130	45.6880	200-250,000-050	25.8861
SDFFARX1_RVT	u_core/core_i/cs_registers_i/mscratch_q_reg[4]	SE	259.7040	42.3440	250-300,000-050	12	Off-grid	VIA1 (12)	235.8130	45.6880	200-250,000-050	24.1239
SDFFARX1_RVT	u_core/core_i/cs_registers_i/mscratch_q_reg[4]	SE	259.7040	42.3775	250-300,000-050	12	Off-grid	VIA1 (12)	235.8130	45.6880	200-250,000-050	24.1193
SDFFARX1_RVT	u_core/core_i/cs_registers_i/mscratch_q_reg[4]	SE	259.7040	42.3607	250-300,000-050	12	Off-grid	VIA1 (12)	235.8130	45.6880	200-250,000-050	24.1216
SDFFARX1_RVT	u_core/core_i/cs_registers_i/mhpmcounter_q_reg[0][32]	Q	260.3120	186.5920	250-300,150-200	134	Diff net spacing	M1 (11)	266.5440	186.0725	250-300,150-200	6.2536
SDFFARX1_RVT	u_core/core_i/cs_registers_i/mhpmcounter_q_reg[0][44]	SE	259.7040	188.2305	250-300,150-200	134	Diff net spacing	M1 (11)	266.5440	186.0725	250-300,150-200	7.1723
SDFFARX1_RVT	u_core/core_i/cs_registers_i/mhpmcounter_q_reg[0][44]	SE	259.7040	188.2640	250-300,150-200	134	Diff net spacing	M1 (11)	266.5440	186.0725	250-300,150-200	7.1825
SDFFARX1_RVT	u_core/core_i/cs_registers_i/mhpmcounter_q_reg[0][44]	SE	259.7040	188.2472	250-300,150-200	134	Diff net spacing	M1 (11)	266.5440	186.0725	250-300,150-200	7.1774
SDFFARX1_RVT	u_core/core_i/cs_registers_i/mhpmcounter_q_reg[0][1]	SE	299.6800	198.2625	250-300,150-200	172	Diff net spacing	M1 (11)	287.5200	206.1365	250-300,200-250	14.4867
SDFFARX1_RVT	u_core/core_i/cs_registers_i/mhpmcounter_q_reg[0][1]	SE	299.6800	198.2960	250-300,150-200	172	Diff net spacing	M1 (11)	287.5200	206.1365	250-300,200-250	14.4686
SDFFARX1_RVT	u_core/core_i/cs_registers_i/mhpmcounter_q_reg[0][1]	SE	299.6800	198.2792	250-300,150-200	172	Diff net spacing	M1 (11)	287.5200	206.1365	250-300,200-250	14.4777
SDFFARX1_RVT	u_core/core_i/cs_registers_i/mhpmcounter_q_reg[0][4]	Q	300.2880	223.3760	300-350,200-250	239	Short	M1 (11)	301.5800	235.5360	300-350,200-250	12.2284
SDFFARX1_RVT	u_core/core_i/cs_registers_i/mhpmcounter_q_reg[0][6]	SI	299.6800	220.2985	250-300,200-250	239	Short	M1 (11)	301.5800	235.5360	300-350,200-250	15.3555
SDFFARX1_RVT	u_core/core_i/cs_registers_i/mhpmcounter_q_reg[0][6]	SI	299.6800	220.3360	250-300,200-250	239	Short	M1 (11)	301.5800	235.5360	300-350,200-250	15.3183
SDFFARX1_RVT	u_core/core_i/cs_registers_i/mhpmcounter_q_reg[0][6]	SI	299.6800	220.3172	250-300,200-250	239	Short	M1 (11)	301.5800	235.5360	300-350,200-250	15.3369
SDFFARX1_RVT	u_core/core_i/cs_registers_i/mhpmcounter_q_reg[0][6]	CLK	300.2880	220.4680	300-350,200-250	239	Short	M1 (11)	301.5800	235.5360	300-350,200-250	15.1233
SDFFARX1_RVT	u_core/core_i/cs_registers_i/mhpmcounter_q_reg[0][6]	CLK	300.2880	220.4880	300-350,200-250	239	Short	M1 (11)	301.5800	235.5360	300-350,200-250	15.1034
SDFFARX1_RVT	u_core/core_i/cs_registers_i/mhpmcounter_q_reg[0][6]	CLK	300.2880	220.4780	300-350,200-250	239	Short	M1 (11)	301.5800	235.5360	300-350,200-250	15.1133
SDFFARX1_RVT	u_core/core_i/cs_registers_i/mhpmcounter_q_reg[2][61]	QN	299.6800	139.9280	250-300,100-150	94	Off-grid	VIA1 (12)	289.0380	136.1280	250-300,100-150	11.3001
SDFFARX1_RVT	u_core/core_i/cs_registers_i/mhpmcounter_q_reg[2][4]	RSTB	300.2880	235.5360	300-350,200-250	239	Short	M1 (11)	301.5800	235.5360	300-350,200-250	1.2920
SDFFARX1_RVT	u_core/core_i/cs_registers_i/mhpmcounter_q_reg[2][4]	RSTB	300.2880	235.5405	300-350,200-250	239	Short	M1 (11)	301.5800	235.5360	300-350,200-250	1.2920
SDFFARX1_RVT	u_core/core_i/cs_registers_i/mhpmcounter_q_reg[2][4]	RSTB	300.2880	235.5382	300-350,200-250	239	Short	M1 (11)	301.5800	235.5360	300-350,200-250	1.2920
SDFFARX1_RVT	u_core/core_i/cs_registers_i/mhpmcounter_q_reg[2][5]	CLK	299.6800	240.5320	250-300,200-250	239	Short	M1 (11)	301.5800	235.5360	300-350,200-250	5.3451
SDFFARX1_RVT	u_core/core_i/cs_registers_i/mhpmcounter_q_reg[2][5]	CLK	299.6800	240.5520	250-300,200-250	239	Short	M1 (11)	301.5800	235.5360	300-350,200-250	5.3638
SDFFARX1_RVT	u_core/core_i/cs_registers_i/mhpmcounter_q_reg[2][5]	CLK	299.6800	240.5420	250-300,200-250	239	Short	M1 (11)	301.5800	235.5360	300-350,200-250	5.3544
SDFFARX1_RVT	u_core/core_i/cs_registers_i/mhpmcounter_q_reg[2][6]	RSTB	299.5280	242.5235	250-300,200-250	239	Short	M1 (11)	301.5800	235.5360	300-350,200-250	7.2826
SDFFARX1_RVT	u_core/core_i/cs_registers_i/mhpmcounter_q_reg[2][6]	RSTB	299.5280	242.5280	250-300,200-250	239	Short	M1 (11)	301.5800	235.5360	300-350,200-250	7.2869
SDFFARX1_RVT	u_core/core_i/cs_registers_i/mhpmcounter_q_reg[2][6]	RSTB	299.5280	242.5257	250-300,200-250	239	Short	M1 (11)	301.5800	235.5360	300-350,200-250	7.2847
SDFFARX1_RVT	u_core/core_i/cs_registers_i/mhpmcounter_q_reg[2][16]	SE	300.2880	179.4480	300-350,150-200	172	Diff net spacing	M1 (11)	287.5200	206.1365	250-300,200-250	29.5854
SDFFARX1_RVT	u_core/core_i/cs_registers_i/mhpmcounter_q_reg[2][16]	SE	300.2880	179.4815	300-350,150-200	172	Diff net spacing	M1 (11)	287.5200	206.1365	250-300,200-250	29.5552
SDFFARX1_RVT	u_core/core_i/cs_registers_i/mhpmcounter_q_reg[2][16]	SE	300.2880	179.4647	300-350,150-200	172	Diff net spacing	M1 (11)	287.5200	206.1365	250-300,200-250	29.5704
SDFFARX1_RVT	u_core/core_i/cs_registers_i/mhpmcounter_q_reg[2][22]	SE	300.2880	154.7905	300-350,150-200	94	Off-grid	VIA1 (12)	289.0380	136.1280	250-300,100-150	21.7911
SDFFARX1_RVT	u_core/core_i/cs_registers_i/mhpmcounter_q_reg[2][22]	SE	300.2880	154.8240	300-350,150-200	94	Off-grid	VIA1 (12)	289.0380	136.1280	250-300,100-150	21.8198
SDFFARX1_RVT	u_core/core_i/cs_registers_i/mhpmcounter_q_reg[2][22]	SE	300.2880	154.8072	300-350,150-200	94	Off-grid	VIA1 (12)	289.0380	136.1280	250-300,100-150	21.8054
SDFFARX1_RVT	u_core/core_i/cs_registers_i/mhpmcounter_q_reg[3][54]	CLK	239.6400	150.5680	200-250,150-200	116	Off-grid	M2 (13)	236.2690	166.0720	200-250,150-200	15.8662
SDFFARX1_RVT	u_core/core_i/cs_registers_i/mhpmcounter_q_reg[3][54]	CLK	239.6400	150.5780	200-250,150-200	116	Off-grid	M2 (13)	236.2690	166.0720	200-250,150-200	15.8565
SDFFARX1_RVT	u_core/core_i/cs_registers_i/mhpmcounter_q_reg[3][57]	CLK	240.4000	143.8800	200-250,100-150	86	Diff net spacing	M1 (11)	251.0400	134.8235	250-300,100-150	13.9725
SDFFARX1_RVT	u_core/core_i/cs_registers_i/mhpmcounter_q_reg[3][57]	CLK	240.4000	143.8900	200-250,100-150	86	Diff net spacing	M1 (11)	251.0400	134.8235	250-300,100-150	13.9789
SDFFARX1_RVT	u_core/core_i/cs_registers_i/mhpmcounter_q_reg[3][26]	RSTB	260.4640	195.7075	250-300,150-200	135	Diff net spacing	M1 (11)	267.0000	189.4165	250-300,150-200	9.0717
SDFFARX1_RVT	u_core/core_i/cs_registers_i/mhpmcounter_q_reg[3][26]	RSTB	260.4640	195.7120	250-300,150-200	135	Diff net spacing	M1 (11)	267.0000	189.4165	250-300,150-200	9.0748
SDFFARX1_RVT	u_core/core_i/cs_registers_i/mhpmcounter_q_reg[3][26]	RSTB	260.4640	195.7097	250-300,150-200	135	Diff net spacing	M1 (11)	267.0000	189.4165	250-300,150-200	9.0732
SDFFARX1_RVT	u_core/core_i/cs_registers_i/depc_q_reg[9]	RSTB	259.7040	95.0880	250-300,050-100	71	Diff net spacing	M2 (13)	259.5660	95.1640	250-300,050-100	0.1575
SDFFARX1_RVT	u_core/core_i/cs_registers_i/depc_q_reg[9]	RSTB	259.7040	95.0925	250-300,050-100	71	Diff net spacing	M2 (13)	259.5660	95.1640	250-300,050-100	0.1554
SDFFARX1_RVT	u_core/core_i/cs_registers_i/depc_q_reg[9]	RSTB	259.7040	95.0902	250-300,050-100	71	Diff net spacing	M2 (13)	259.5660	95.1640	250-300,050-100	0.1565
MUX41X1_HVT	u_core/core_i/U1662	A1	100.4080	279.3120	100-150,250-300	357	Needs fat contact	M1 (11)-M2 (13)	106.6400	278.4000	100-150,250-300	6.2984
MUX41X1_HVT	u_core/core_i/U1787	A1	100.4080	285.6960	100-150,250-300	357	Needs fat contact	M1 (11)-M2 (13)	106.6400	278.4000	100-150,250-300	9.5953
MUX41X1_HVT	u_core/core_i/U1789	S1	99.6480	279.0065	050-100,250-300	357	Needs fat contact	M1 (11)-M2 (13)	106.6400	278.4000	100-150,250-300	7.0183
MUX41X1_HVT	u_core/core_i/U1789	S1	99.6480	279.0080	050-100,250-300	357	Needs fat contact	M1 (11)-M2 (13)	106.6400	278.4000	100-150,250-300	7.0184
MUX41X1_HVT	u_core/core_i/U1789	S1	99.6480	279.0072	050-100,250-300	357	Needs fat contact	M1 (11)-M2 (13)	106.6400	278.4000	100-150,250-300	7.0183
MUX41X1_HVT	u_core/core_i/U1876	A1	99.6480	272.6240	050-100,250-300	357	Needs fat contact	M1 (11)-M2 (13)	106.6400	278.4000	100-150,250-300	9.0692
MUX41X1_HVT	u_core/core_i/U5425	S0	40.3680	300.7365	000-050,300-350	352	Off-grid	VIA1 (12)	43.5330	283.1120	000-050,250-300	17.9064
MUX41X1_HVT	u_core/core_i/U5425	S0	40.3680	300.7440	000-050,300-350	352	Off-grid	VIA1 (12)	43.5330	283.1120	000-050,250-300	17.9138
MUX41X1_HVT	u_core/core_i/U5425	S0	40.3680	300.7402	000-050,300-350	352	Off-grid	VIA1 (12)	43.5330	283.1120	000-050,250-300	17.9101
MUX41X1_HVT	u_core/core_i/U5428	S0	40.3680	304.3920	000-050,300-350	352	Off-grid	VIA1 (12)	43.5330	283.1120	000-050,250-300	21.5141
MUX41X1_HVT	u_core/core_i/U5428	S0	40.3680	304.3995	000-050,300-350	352	Off-grid	VIA1 (12)	43.5330	283.1120	000-050,250-300	21.5215
MUX41X1_HVT	u_core/core_i/U5428	S0	40.3680	304.3957	000-050,300-350	352	Off-grid	VIA1 (12)	43.5330	283.1120	000-050,250-300	21.5177
MUX41X1_HVT	u_core/core_i/U5436	S0	39.6080	304.0805	000-050,300-350	352	Off-grid	VIA1 (12)	43.5330	283.1120	000-050,250-300	21.3327
MUX41X1_HVT	u_core/core_i/U5436	S0	39.6080	304.0880	000-050,300-350	352	Off-grid	VIA1 (12)	43.5330	283.1120	000-050,250-300	21.3401
MUX41X1_HVT	u_core/core_i/U5436	S0	39.6080	304.0842	000-050,300-350	352	Off-grid	VIA1 (12)	43.5330	283.1120	000-050,250-300	21.3363
MUX41X1_HVT	u_core/core_i/U5445	S0	39.6080	297.7040	000-050,250-300	352	Off-grid	VIA1 (12)	43.5330	283.1120	000-050,250-300	15.1107
MUX41X1_HVT	u_core/core_i/U5445	S0	39.6080	297.7115	000-050,250-300	352	Off-grid	VIA1 (12)	43.5330	283.1120	000-050,250-300	15.1179
MUX41X1_HVT	u_core/core_i/U5445	S0	39.6080	297.7077	000-050,250-300	352	Off-grid	VIA1 (12)	43.5330	283.1120	000-050,250-300	15.1142
MUX41X1_HVT	u_core/core_i/U5417	S0	40.3680	297.3925	000-050,250-300	352	Off-grid	VIA1 (12)	43.5330	283.1120	000-050,250-300	14.6270
MUX41X1_HVT	u_core/core_i/U5417	S0	40.3680	297.4000	000-050,250-300	352	Off-grid	VIA1 (12)	43.5330	283.1120	000-050,250-300	14.6343
MUX41X1_HVT	u_core/core_i/U5417	S0	40.3680	297.3962	000-050,250-300	352	Off-grid	VIA1 (12)	43.5330	283.1120	000-050,250-300	14.6306
SDFFARX1_RVT	u_core/core_i/ex_stage_i/alu_i/alu_div_i/BReg_DP_reg[21]	CLK	239.6400	277.6400	200-250,250-300	336	Off-grid	VIA1 (12)	233.0770	275.0560	200-250,250-300	7.0534
SDFFARX1_RVT	u_core/core_i/ex_stage_i/alu_i/alu_div_i/BReg_DP_reg[21]	CLK	239.6400	277.6500	200-250,250-300	336	Off-grid	VIA1 (12)	233.0770	275.0560	200-250,250-300	7.0570
SDFFARX1_RVT	u_core/core_i/if_stage_i/prefetch_buffer_i/prefetch_controller_i/state_q_reg	RSTB	299.5280	95.3875	250-300,050-100	59	Off-grid	VIA1 (12)	301.6540	91.2880	300-350,050-100	4.6180
SDFFARX1_RVT	u_core/core_i/if_stage_i/prefetch_buffer_i/prefetch_controller_i/state_q_reg	RSTB	299.5280	95.3920	250-300,050-100	59	Off-grid	VIA1 (12)	301.6540	91.2880	300-350,050-100	4.6220
SDFFARX1_RVT	u_core/core_i/if_stage_i/prefetch_buffer_i/prefetch_controller_i/state_q_reg	RSTB	299.5280	95.3897	250-300,050-100	59	Off-grid	VIA1 (12)	301.6540	91.2880	300-350,050-100	4.6199
SDFFARX1_RVT	u_core/core_i/if_stage_i/prefetch_buffer_i/prefetch_controller_i/flush_cnt_q_reg[1]	Q	299.6800	126.4000	250-300,100-150	85	Needs fat contact	M1 (11)-M2 (13)	293.9040	127.9200	250-300,100-150	5.9727
SDFFARX1_RVT	u_core/core_i/if_stage_i/prefetch_buffer_i/fifo_i/mem_q_reg[1][2]	RSTB	259.7040	292.6835	250-300,250-300	391	Diff net spacing	M2 (13)	259.5660	292.6120	250-300,250-300	0.1554
SDFFARX1_RVT	u_core/core_i/if_stage_i/prefetch_buffer_i/fifo_i/mem_q_reg[1][2]	RSTB	259.7040	292.6880	250-300,250-300	391	Diff net spacing	M2 (13)	259.5660	292.6120	250-300,250-300	0.1575
SDFFARX1_RVT	u_core/core_i/if_stage_i/prefetch_buffer_i/fifo_i/mem_q_reg[1][2]	RSTB	259.7040	292.6857	250-300,250-300	391	Diff net spacing	M2 (13)	259.5660	292.6120	250-300,250-300	0.1564
SDFFARX1_RVT	u_core/core_i/if_stage_i/instr_rdata_id_o_reg[3]	RSTB	259.5520	252.2560	250-300,250-300	286	Needs fat contact	M1 (11)-M2 (13)	263.6560	261.6800	250-300,250-300	10.2788
SDFFARX1_RVT	u_core/core_i/if_stage_i/instr_rdata_id_o_reg[3]	RSTB	259.5520	252.2605	250-300,250-300	286	Needs fat contact	M1 (11)-M2 (13)	263.6560	261.6800	250-300,250-300	10.2747
SDFFARX1_RVT	u_core/core_i/if_stage_i/instr_rdata_id_o_reg[3]	RSTB	259.5520	252.2582	250-300,250-300	286	Needs fat contact	M1 (11)-M2 (13)	263.6560	261.6800	250-300,250-300	10.2768
SDFFARX1_RVT	u_core/core_i/if_stage_i/instr_rdata_id_o_reg[17]	RSTB	259.5520	245.8675	250-300,200-250	260	Diff net spacing	M1 (11)	250.2800	245.1755	250-300,200-250	9.2978
SDFFARX1_RVT	u_core/core_i/if_stage_i/instr_rdata_id_o_reg[17]	RSTB	259.5520	245.8720	250-300,200-250	260	Diff net spacing	M1 (11)	250.2800	245.1755	250-300,200-250	9.2981
SDFFARX1_RVT	u_core/core_i/if_stage_i/instr_rdata_id_o_reg[17]	RSTB	259.5520	245.8697	250-300,200-250	260	Diff net spacing	M1 (11)	250.2800	245.1755	250-300,200-250	9.2980
SDFFARX1_RVT	u_core/core_i/if_stage_i/instr_rdata_id_o_reg[14]	QN	259.7040	236.9040	250-300,200-250	260	Diff net spacing	M1 (11)	250.2800	245.1755	250-300,200-250	12.5391
SDFFARX1_RVT	u_core/core_i/if_stage_i/instr_rdata_id_o_reg[16]	QN	259.7040	237.8160	250-300,200-250	260	Diff net spacing	M1 (11)	250.2800	245.1755	250-300,200-250	11.9572
SDFFARX1_RVT	u_core/core_i/if_stage_i/instr_rdata_id_o_reg[9]	RSTB	259.5520	252.5555	250-300,250-300	286	Needs fat contact	M1 (11)-M2 (13)	263.6560	261.6800	250-300,250-300	10.0050
SDFFARX1_RVT	u_core/core_i/if_stage_i/instr_rdata_id_o_reg[9]	RSTB	259.5520	252.5600	250-300,250-300	286	Needs fat contact	M1 (11)-M2 (13)	263.6560	261.6800	250-300,250-300	10.0009
SDFFARX1_RVT	u_core/core_i/if_stage_i/instr_rdata_id_o_reg[9]	RSTB	259.5520	252.5577	250-300,250-300	286	Needs fat contact	M1 (11)-M2 (13)	263.6560	261.6800	250-300,250-300	10.0030
SDFFARX1_RVT	u_core/core_i/if_stage_i/instr_rdata_id_o_reg[10]	RSTB	260.4640	248.9120	250-300,200-250	260	Diff net spacing	M1 (11)	250.2800	245.1755	250-300,200-250	10.8478
SDFFARX1_RVT	u_core/core_i/if_stage_i/instr_rdata_id_o_reg[10]	RSTB	260.4640	248.9165	250-300,200-250	260	Diff net spacing	M1 (11)	250.2800	245.1755	250-300,200-250	10.8494
SDFFARX1_RVT	u_core/core_i/if_stage_i/instr_rdata_id_o_reg[10]	RSTB	260.4640	248.9142	250-300,200-250	260	Diff net spacing	M1 (11)	250.2800	245.1755	250-300,200-250	10.8486
SDFFARX1_RVT	u_core/core_i/if_stage_i/prefetch_buffer_i/prefetch_controller_i/trans_addr_q_reg[2]	SI	299.6800	103.2585	250-300,100-150	59	Off-grid	VIA1 (12)	301.6540	91.2880	300-350,050-100	12.1322
SDFFARX1_RVT	u_core/core_i/if_stage_i/prefetch_buffer_i/prefetch_controller_i/trans_addr_q_reg[2]	SI	299.6800	103.2960	250-300,100-150	59	Off-grid	VIA1 (12)	301.6540	91.2880	300-350,050-100	12.1692
SDFFARX1_RVT	u_core/core_i/if_stage_i/prefetch_buffer_i/prefetch_controller_i/trans_addr_q_reg[2]	SI	299.6800	103.2772	250-300,100-150	59	Off-grid	VIA1 (12)	301.6540	91.2880	300-350,050-100	12.1506
SDFFARX1_RVT	u_core/core_i/if_stage_i/prefetch_buffer_i/prefetch_controller_i/trans_addr_q_reg[2]	CLK	300.2880	103.4280	300-350,100-150	59	Off-grid	VIA1 (12)	301.6540	91.2880	300-350,050-100	12.2166
SDFFARX1_RVT	u_core/core_i/if_stage_i/prefetch_buffer_i/prefetch_controller_i/trans_addr_q_reg[2]	CLK	300.2880	103.4480	300-350,100-150	59	Off-grid	VIA1 (12)	301.6540	91.2880	300-350,050-100	12.2365
SDFFARX1_RVT	u_core/core_i/if_stage_i/prefetch_buffer_i/prefetch_controller_i/trans_addr_q_reg[2]	CLK	300.2880	103.4380	300-350,100-150	59	Off-grid	VIA1 (12)	301.6540	91.2880	300-350,050-100	12.2265
SDFFARX1_RVT	u_core/core_i/if_stage_i/prefetch_buffer_i/prefetch_controller_i/trans_addr_q_reg[8]	Q	299.6800	69.5520	250-300,050-100	58	Needs fat contact	M1 (11)-M2 (13)	295.2720	84.4480	250-300,050-100	15.5345
SDFFARX1_RVT	u_core/core_i/if_stage_i/prefetch_buffer_i/prefetch_controller_i/trans_addr_q_reg[10]	Q	300.2880	44.0160	300-350,000-050	58	Needs fat contact	M1 (11)-M2 (13)	295.2720	84.4480	250-300,050-100	40.7420
SDFFARX1_RVT	u_core/core_i/if_stage_i/prefetch_buffer_i/prefetch_controller_i/trans_addr_q_reg[11]	SE	299.6800	37.7505	250-300,000-050	58	Needs fat contact	M1 (11)-M2 (13)	295.2720	84.4480	250-300,050-100	46.9051
SDFFARX1_RVT	u_core/core_i/if_stage_i/prefetch_buffer_i/prefetch_controller_i/trans_addr_q_reg[11]	SE	299.6800	37.7840	250-300,000-050	58	Needs fat contact	M1 (11)-M2 (13)	295.2720	84.4480	250-300,050-100	46.8717
SDFFARX1_RVT	u_core/core_i/if_stage_i/prefetch_buffer_i/prefetch_controller_i/trans_addr_q_reg[11]	SE	299.6800	37.7672	250-300,000-050	58	Needs fat contact	M1 (11)-M2 (13)	295.2720	84.4480	250-300,050-100	46.8885
SDFFARX1_RVT	u_core/core_i/if_stage_i/prefetch_buffer_i/instruction_obi_i/gen_no_trans_stable.obi_addr_q_reg[12]	SE	300.2880	32.3120	300-350,000-050	58	Needs fat contact	M1 (11)-M2 (13)	295.2720	84.4480	250-300,050-100	52.3767
SDFFARX1_RVT	u_core/core_i/if_stage_i/prefetch_buffer_i/instruction_obi_i/gen_no_trans_stable.obi_addr_q_reg[12]	SE	300.2880	32.3455	300-350,000-050	58	Needs fat contact	M1 (11)-M2 (13)	295.2720	84.4480	250-300,050-100	52.3434
SDFFARX1_RVT	u_core/core_i/if_stage_i/prefetch_buffer_i/instruction_obi_i/gen_no_trans_stable.obi_addr_q_reg[12]	SE	300.2880	32.3287	300-350,000-050	58	Needs fat contact	M1 (11)-M2 (13)	295.2720	84.4480	250-300,050-100	52.3601
SDFFARX1_RVT	u_core/core_i/if_stage_i/prefetch_buffer_i/instruction_obi_i/gen_no_trans_stable.obi_addr_q_reg[14]	Q	299.6800	23.9520	250-300,000-050	58	Needs fat contact	M1 (11)-M2 (13)	295.2720	84.4480	250-300,050-100	60.6564
SDFFARX1_RVT	u_core/core_i/if_stage_i/prefetch_buffer_i/instruction_obi_i/gen_no_trans_stable.obi_addr_q_reg[15]	SE	300.2880	25.6240	300-350,000-050	58	Needs fat contact	M1 (11)-M2 (13)	295.2720	84.4480	250-300,050-100	59.0375
SDFFARX1_RVT	u_core/core_i/if_stage_i/prefetch_buffer_i/instruction_obi_i/gen_no_trans_stable.obi_addr_q_reg[15]	SE	300.2880	25.6575	300-350,000-050	58	Needs fat contact	M1 (11)-M2 (13)	295.2720	84.4480	250-300,050-100	59.0041
SDFFARX1_RVT	u_core/core_i/if_stage_i/prefetch_buffer_i/instruction_obi_i/gen_no_trans_stable.obi_addr_q_reg[15]	SE	300.2880	25.6407	300-350,000-050	58	Needs fat contact	M1 (11)-M2 (13)	295.2720	84.4480	250-300,050-100	59.0208
SDFFARX1_RVT	u_core/core_i/if_stage_i/prefetch_buffer_i/prefetch_controller_i/trans_addr_q_reg[28]	SI	299.6800	73.8080	250-300,050-100	58	Needs fat contact	M1 (11)-M2 (13)	295.2720	84.4480	250-300,050-100	11.5169
SDFFARX1_RVT	u_core/core_i/if_stage_i/prefetch_buffer_i/prefetch_controller_i/trans_addr_q_reg[28]	SI	299.6800	73.8455	250-300,050-100	58	Needs fat contact	M1 (11)-M2 (13)	295.2720	84.4480	250-300,050-100	11.4823
SDFFARX1_RVT	u_core/core_i/if_stage_i/prefetch_buffer_i/prefetch_controller_i/trans_addr_q_reg[28]	SI	299.6800	73.8267	250-300,050-100	58	Needs fat contact	M1 (11)-M2 (13)	295.2720	84.4480	250-300,050-100	11.4997
SDFFARX1_RVT	u_core/core_i/if_stage_i/prefetch_buffer_i/prefetch_controller_i/trans_addr_q_reg[28]	CLK	300.2880	73.6560	300-350,050-100	58	Needs fat contact	M1 (11)-M2 (13)	295.2720	84.4480	250-300,050-100	11.9007
SDFFARX1_RVT	u_core/core_i/if_stage_i/prefetch_buffer_i/prefetch_controller_i/trans_addr_q_reg[28]	CLK	300.2880	73.6760	300-350,050-100	58	Needs fat contact	M1 (11)-M2 (13)	295.2720	84.4480	250-300,050-100	11.8826
SDFFARX1_RVT	u_core/core_i/if_stage_i/prefetch_buffer_i/prefetch_controller_i/trans_addr_q_reg[28]	CLK	300.2880	73.6660	300-350,050-100	58	Needs fat contact	M1 (11)-M2 (13)	295.2720	84.4480	250-300,050-100	11.8917
SDFFARX1_RVT	u_core/core_i/if_stage_i/prefetch_buffer_i/prefetch_controller_i/trans_addr_q_reg[30]	SE	300.2880	85.8160	300-350,050-100	58	Needs fat contact	M1 (11)-M2 (13)	295.2720	84.4480	250-300,050-100	5.1992
SDFFARX1_RVT	u_core/core_i/if_stage_i/prefetch_buffer_i/prefetch_controller_i/trans_addr_q_reg[30]	SE	300.2880	85.8495	300-350,050-100	58	Needs fat contact	M1 (11)-M2 (13)	295.2720	84.4480	250-300,050-100	5.2081
SDFFARX1_RVT	u_core/core_i/if_stage_i/prefetch_buffer_i/prefetch_controller_i/trans_addr_q_reg[30]	SE	300.2880	85.8327	300-350,050-100	58	Needs fat contact	M1 (11)-M2 (13)	295.2720	84.4480	250-300,050-100	5.2036
