u_core/core_i/U724	FADDX1_HVT	FADDX1_RVT
u_core/core_i/U729	FADDX1_HVT	FADDX1_RVT
u_core/core_i/U732	FADDX1_HVT	FADDX1_RVT
u_core/core_i/U737	FADDX1_HVT	FADDX1_RVT
u_core/core_i/U754	FADDX1_HVT	FADDX1_RVT
u_core/core_i/U749	FADDX1_HVT	FADDX1_RVT
u_core/core_i/U756	FADDX1_HVT	FADDX1_RVT
u_core/core_i/U751	FADDX1_HVT	FADDX1_RVT
u_core/core_i/U707	FADDX2_HVT	FADDX2_RVT
u_core/core_i/U715	FADDX2_HVT	FADDX2_RVT
u_core/core_i/U712	FADDX1_HVT	FADDX1_RVT
u_core/core_i/U709	FADDX2_HVT	FADDX2_RVT
u_core/core_i/U702	FADDX2_HVT	FADDX2_RVT
u_core/core_i/U696	FADDX2_HVT	FADDX2_RVT
u_core/core_i/U691	FADDX1_HVT	FADDX1_RVT
u_core/core_i/U792	FADDX1_HVT	FADDX1_RVT
u_core/core_i/U822	FADDX2_HVT	FADDX2_RVT
u_core/core_i/U824	FADDX2_HVT	FADDX2_RVT
u_core/core_i/U819	FADDX1_HVT	FADDX1_RVT
u_core/core_i/U817	FADDX1_HVT	FADDX1_RVT
u_core/core_i/U835	FADDX1_HVT	FADDX1_RVT
u_core/core_i/U830	FADDX1_HVT	FADDX1_RVT
u_core/core_i/U833	FADDX1_HVT	FADDX1_RVT
u_core/core_i/U828	FADDX1_HVT	FADDX1_RVT
u_core/core_i/U810	FADDX1_HVT	FADDX1_RVT
u_core/core_i/U812	FADDX1_HVT	FADDX1_RVT
u_core/core_i/U807	FADDX1_HVT	FADDX1_RVT
u_core/core_i/U805	FADDX1_HVT	FADDX1_RVT
u_core/core_i/U801	FADDX1_HVT	FADDX1_RVT
u_core/core_i/U799	FADDX1_HVT	FADDX1_RVT
u_core/core_i/U796	FADDX1_HVT	FADDX1_RVT
u_core/core_i/U1466	FADDX1_HVT	FADDX1_RVT
